firsrt_name,last_name,DOB,height,weight
William,YOUNG,01161940,78,186
Caleb,SHERWOOD,05141944,65,142
Malia,SCALES,02121963,60,119
Aden,CISNEROS,06031947,60,122
Lyla,BENAVIDES,05231958,64,145
Rachael,VILLEGAS,01151980,66,132
William,YOUNG,01161940,78,184
Caleb,SHERWOOD,05141944,63,142
Malia,SCALES,02121963,60,114
Aden,CISNEROS,06031947,60,122
Lyla,BENAVIDES,05231958,64,145
Rachael,VILLEGAS,01151980,66,132
Martin,FAY,09301971,59,107
Sophie,MORTON,08121940,79,189
Ellie,MILNER,11191982,62,123
Melody,MACKENZIE,03151969,66,138
Phillip,DOHERTY,11301947,55,99
Jack,SORENSEN,01221968,79,177
Clara,MERRILL,09211955,68,148
Jasper,CISNEROS,09251965,60,124
Allyson,DOUGHTY,03261979,59,129
Jacob,DOBBS,03101961,58,118
Jackson,MONK,05271981,73,163
Valerie,DELATORRE,11121941,59,114
Jazmine,BROWER,01231942,61,127
Jennifer,WHITAKER,04251963,68,138
Carly,FULLER,07091979,75,116
Jordan,BRENNAN,08051976,75,160
Yasmin,COLES,03151954,63,127
Jack,YOUNGER,10051967,69,156
Moises,GUNTER,10291954,76,166
Linda,NIELSEN,12291953,66,144
Priscilla,CONNER,09221953,70,137
Damien,JOHNSON,01161945,77,174
Melissa,MOONEY,05271979,75,139
Fernanda,FELTON,02261951,64,126
Holly,HOLM,11041950,56,107
Dillon,MIDDLETON,07301958,59,115
Davis,DUPREE,02281978,73,154
Genevieve,WATTS,04131965,75,154
Madelynn,CANNON,06061950,68,123
icole,AGUIRRE,10031975,62,112
Maya,MCGOWAN,05171974,72,138
Keegan,HUBER,04301973,70,148
Kaydence,STRATTON,07271953,64,117
Griffin,MORAN,09241946,76,158
Adrian,EMMONS,09031964,76,158
Solomon,DOUGHERTY,11251948,73,159
Curtis,LYNCH,11101943,79,163
Aubree,CANO,09071940,71,146
Lydia,HARDING,09121958,66,117
Hadley,BOWLES,02021955,59,120
Ana,CABRERA,12011963,55,101
Lucas,SATTERFIELD,02021959,72,163
Corbin,KEMP,04021956,75,141
Trinity,SIERRA,01211973,63,123
Braydon,GARDNER,03221956,79,180
Angelica,CLARY,05241961,55,97
Eli,BILLINGSLEY,12281946,72,154
Kobe,MCMILLIAN,07191963,73,173
Emiliano,DONAHUE,06131954,79,172
Liliana,SOUTH,08131945,59,113
Johanna,BRINKLEY,04191941,63,130
Dominick,REA,02261972,70,139
Sage,STONE,11011977,69,148
Bridget,VALENZUELA,08051949,79,167
Elise,CLEVELAND,03021941,59,120
Nathan,METZ,09271960,69,136
Christina,AVERY,06091964,61,129
Izabella,KANG,10081954,65,122
Noe,MIRANDA,10221964,68,131
Travis,SULLIVAN,09211967,60,113
Mauricio,WHALEY,09221980,61,116
Skylar,STARKEY,09291942,66,138
Cole,MENDEZ,08081944,60,128
Taryn,PHAM,11051956,61,115
Maximilian,PURVIS,12051944,76,150
Nathanael,PRESCOTT,10181977,56,117
Amya,ALLARD,03261944,77,161
Alejandra,GALLNAT,03121969,63,122
Jazlyn,PERRY,07211985,77,159
Victor,MOULTON,07201947,55,117
Logan,MCCLAIN,11111983,78,170
Dallas,KRAUSE,06171942,55,103
Emily,MONK,12291957,58,120
Cheyanne,SHAW,03241958,69,137
Michaela,COON,02161970,56,99
Collin,STREET,07081983,70,138
Marcus,ARCHER,05291966,77,166
Esther,SIMS,01231948,68,143
Leila,BECERRA,05101950,69,104
Mercedes,BAILEY,09041952,65,127
Madisyn,MATTHEWS,07251967,78,159
Kaitlin,GIL,09051958,66,134
Arthur,CAMERON,02101946,63,119
Sadie,FLOOD,02241947,59,124
Kara,HERRERA,09091981,59,108
Iris,HAYS,06171982,69,131
Keaton,CHAPMAN,02051944,64,133
Ruth,RAGLAND,12061940,59,134
Micheal,FREY,12181942,62,143
Maddison,STREET,06221977,60,117
Johan,BOSWELL,08231962,56,111
Peter,CRUM,10141945,64,133
Jonathon,HOOKER,08191976,60,110
Mathew,SORENSON,10141966,78,157
Jameson,PEOPLES,04231984,79,181
Jaxson,BUSBY,04091950,70,162
Kobe,GUERRERO,11131968,72,164
Logan,LUND,05161971,74,155
Juan,HOUSER,08021965,56,132
Madalyn,COULTER,06191978,79,179
Jonathan,GRESHAM,01101955,73,158
Serena,TRACY,06011977,56,112
Micah,DAVIDSON,01101948,77,155
Taylro,SCHWAB,07131940,70,131
Francisco,MEDEIROS,01161984,89,159
Kevin,PEREIRA,04091973,67,139
Estrella,GEARY,02121963,67,154
Ruby,LYONS,11151985,76,175
Porter,HAMBY,10171955,61,130
Jillian,CLARY,06261953,66,117
Tyler,ANSH,02221951,78,178
Caroline,BURCH,03131957,78,168
Jadon,PENDLETON,04261952,76,165
Nia,POLK,04191958,79,167
Stella,CRAFT,08071983,79,179
Taylor,CARLISLE,09291950,61,113
Johanna,CLAYTON,10141958,74,161
Macie,SHIPLEY,11211978,75,157
Emanuel,BRITT,09261975,64,114
Tessa,MONTES,12241953,60,116
Jadyn,HAYDEN,05041980,78,171
Dulce,MCGOWAN,10301966,55,108
Lucia,EDOMNDS,04181952,74,151
Teagan,CATES,09901952,69,148
Mckenzie,BUENO,07251942,78,173
Victor,GUZMAN,02081973,57,110
Alice,PICKENS,03301977,66,119
Kristina,CRAMER,12031947,56,103
Melvin,KIMBROUGH,06051971,62,145
Alissa,CAMERON,10071974,57,124
Giselle,DOWELL,01031967,75,156
Eliza,LASSITER,10271985,66,128
Delaney,MCADAMS,01261944,78,184
Kendall,SMALLS,06271941,73,154
Fernando,HESTER,08221976,79,172
Payton,SHAW,05311944,63,139
Walter,STREETER,10031942,79,154
Jesus,GIVENS,07111969,66,149
Ryder,JUSTICE,01301948,82,150
Allie,IBARRA,04181958,68,144
Esmeralda,BEGLEY,05131957,63,122
Iris,NORMAN,08171948,66,123
Kimora,MCHUGH,12171948,55,118
Marissa,ROUSE,04261966,56,124
Donovan,BLACK,04011978,57,105
Raegan,PUGH,12071966,71,156
Derrick,HUTSON,12241973,68,146
Nyla,HELTON,07171940,63,133
Alejandra,ROUSE,10021982,61,136
Madalyn,HUFF,12291947,75,168
Leilani,TROUTMAN,05171972,79,184
Chloe,POWELL,08021954,71,145
James,BENTLEY,04211985,61,124
Jane,ESCAMILLA,10261974,61,126
Breanna,ROBISON,05151948,57,109
Sawyer,CORNWELL,08231944,72,156
Guillermo,RICKETTS,04131958,60,126
Damon,BAEZ,05021970,55,102
Tristen,STEPHENS,02251969,70,155
Kirsten,MCDONOUGH,09301946,65,115
Asher,ROYAL,06211973,75,150
Ruth,GROGAN,06101976,72,156
Brennan,DUNHAM,11161950,74,161
aJy,HUDDLESTON,11251972,65,128
Naomi,ABNEY,02081961,67,133
Cameron,GOODSON,04141946,79,161
Phoenix,KRAUSE,12211973,55,129
Leonel,ROBISON,06061974,55,100
Kevin,HAGER,02131954,73,151
Ashlee,DIETZ,10281957,72,136
Kira,WILKINS,12141953,74,170
Jaylen,SCHOFIELD,11101969,79,172
Tessa,BURRELL,10221943,58,117
Brielle,WELSH,01091943,65,118
Branden,ADAMS,03011947,62,131
Kira,IRBY,07101957,71,205
Oliver,MUNSON,09301959,69,142
Genesis,BULLOCK,02141981,56,111
Shane,NIXON,09051962,67,149
Angel,CHATMAN,06071941,59,116
Jonathan,LOZANO,03141958,58,99
Ashlee,RIZZO,04211942,74,153
Nia,GROEVR,01111953,66,122
Wyatt,LINN,09201981,71,157
Lukas,BOGGS,08121955,57,114
Aminda,OVERTON,08031956,71,146
Damian,SHIRLEY,02241970,73,162
Donovan,PACK,04271974,65,122
Avery,CONNELLY,04261972,76,143
Lacey,HAMMOND,10061969,59,99
Lilian,MCNEIL,07291981,62,113
Nora,MORRISSEY,09261955,57,112
Alexander,PEDERSEN,01211948,63,111
Aaron,TATUM,07061980,65,117
Kylee,SOLIS,06041952,67,140
Cody,SHAFER,02061947,57,102
Hugo,WEINSTEIN,06021940,65,133
Leah,MURRAY,12281968,74,144
Tommy,ALBRIGHT,11171963,71,161
Steven,CRUZ,12161947,72,168
Arianna,LEMIEUX,04031978,78,179
Jackson,LOMBARDO,11211953,57,108
Jaylen,MORAN,06081975,61,123
Erick,ALEXANDER,10301957,69,134
Alyssa,STEPHENSON,12221960,58,128
Nehemiah,BERG,05041945,58,122
Lana,SIEGEL,12291967,71,143
Haley,KATZ,08041963,70,152
Meredith,MILLER,06221942,75,152
April,OWEN,04111983,68,158
Shayla,SAMUEL,01241982,56,108
Devin,BLANKENSHIP,08221983,57,117
Harley,ECKERT,10221962,76,159
Ashton,LACHANCE,05011959,72,160
Derek,DODGE,02181984,69,146
Lukas,COLLAZO,11051967,65,147
Daisy,CLEVENGER,02201964,56,103
Joel,SLAUGHTER,10041961,77,156
Dean,RITTER,10161942,72,132
Katelyn,COATS,12301940,71,141
Curtis,LEE,03281961,70,142
Gary,GILCHRIST,02111940,70,154
Taryn,CHAN,09131984,57,103
Shannon,DELEON,12021984,65,133
Hope,STERN,07311983,58,102
Justice,CHILDS,12011970,77,165
Evin,WANG,05171944,62,126
Georgia,PEACOCK,01201953,78,179
Leon,FRANCO,11281953,56,110
Kara,LAYNE,04141975,62,130
Bryanna,COATS,07051978,58,124
Elias,BONNER,03171943,69,145
Adeline,BLOCKER,06211970,74,172
Hayden,SHEPARD,02211960,72,152
Dean,DIGGS,04251981,62,164
Genesis,HUBBARD,04191976,75,164
Leonel,ROSALES,11191982,79,177
Kristian,RAGLAND,03191943,68,160
Tatum,LBOOM,02221981,60,121
Easton,DICKSON,06291959,55,116
Hugo,CARRANZA,04281957,79,170
Aubree,DILLON,09191954,74,163
Danica,GARDINER,05011968,64,149
Ashley,CARY,03111946,57,134
Daniel,DOLAN,08061981,68,132
Jon,GAITHER,01051974,64,131
Billy,JUAREZ,06211953,73,159
Ryan,SHAW,09201952,67,148
Noe,MARSH,04221965,75,145
Francisco,GILLESPIE,05211964,75,153
Kelly,KEEN,06241949,73,156
Brian,MICHAELS,01291946,56,122
Johan,COMER,09181980,70,148
Jake,GUILLEN,03091940,64,113
Angelo,HANLEY,02251967,71,135
Lauryn,DICKEY,05031967,63,122
Roberto,SWIFT,12051965,63,132
Drake,SHAVER,11251959,73,145
Kiana,SILVERMAN,01071968,79,161
Valeria,KIMBALL,02201958,71,161
Peyton,NGUYEN,05031958,73,161
Brenden,MORSE,07141959,64,133
Donald,SCHROEDER,11041940,69,136
Guillermo,HUSTON,10301957,62,118
Erika,SPEAR,02181942,73,151
Jenna,BOWLING,06091943,66,140
Sebastian,TYLER,09061974,79,180
Daniela,NOLEN,03041963,64,144
Paris,VEST,04051972,65,120
Maximus,SEITZ,10311947,68,127
Catherine,ELROD,12221966,79,166
Clara,WILSON,02141973,72,140
Brayden,BONILLA,07081974,68,135
Emily,AGUILAR,04091957,62,108
Desiree,SHANKS,06041963,65,137
Josiah,HUSTON,06171962,61,141
Cyrus,BARCLAY,03061969,59,139
Javon,SAPP,10061977,57,102
Julianna,VAUGHAN,05261965,61,122
Georgia,BARNHART,06011977,61,132
Aileen,SNELL,12221983,55,112
Taylor,BARGER,11201977,79,176
Casey,WILLIAM,03081947,69,137
America,FORTIER,10251947,66,144
Fernando,NEGRON,08011973,69,146
Mitchell,SIMPSON,05231979,74,127
Mathew,JACQUES,11261964,70,152
Annie,JOHN,05061956,79,175
Tatum,SHIRLEY,01181982,60,140
Madison,ELY,12211959,65,129
Johnny,MAYFIELD,02201947,79,159
Colin,AKINS,05061940,70,153
Paris,CRUM,03311970,74,158
Skye,CORNETT,01271969,58,115
Mateo,LILLY,02061956,57,115
Wendy,GONZALEZ,11121948,75,131
Ainsley,BALLARD,09101978,85,133
Ella,MARCUM,12211984,77,164
Osvaldo,SANDOVAL,10121976,75,146
Gage,LACKEY,05281972,70,150
Kassandra,JOHN,05271980,62,122
Jimmy,GAITHER,09101967,70,139
Brooke,ROBISON,08281960,61,126
Jacob,KINCAID,11301959,60,124
Mauracio,RAMEY,08171971,70,132
Sierra,PENNINGTON,09101980,67,119
Joel,ALFARO,06171965,63,118
Sandra,UNDERWOOD,03011985,61,118
Arturo,ROCKWELL,01061952,60,114
Camryn,GOOD,07071949,75,164
Dylan,MUELLER,12111952,78,170
Dana,ROBERSON,10241981,62,135
Luis,WYNN,09101959,63,118
Jorge,JENNINGS,11061956,78,159
Tyler,SINGH,12211953,58,106
Bridget,TOVAR,12181978,69,144
Leonardo,HOOPER,06251949,62,124
Kyla,TOMLIN,02071964,65,130
Johan,HUGGINS,04281980,60,114
Myles,MONAHAN,04131981,80,159
Kayden,FREDERICK,05021956,76,172
Bryanna,VANDYKE,10231968,73,168
Lauren,SCHWARZ,12111985,68,151
Cassidy,HERRON,01221979,68,132
Grayson,CULPEPPER,12091940,63,136
Genesis,SALTER,05261976,62,119
Asia,NAPIER,10221946,66,135
Reid,ALONZO,12181985,70,148
Giovanni,SAENZ,05041978,78,154
Grady,WINTER,05081954,76,170
Gavin,ONEILL,01151972,78,197
Casey,ALICEA,10221969,65,136
Madison,WINDHAM,04241974,72,159
Addyson,DOWNS,12201976,60,104
Cameron,MAJORS,04131975,60,138
Lola,BROWER,05091957,68,133
Zoey,POLLOCK,03011954,63,122
Shannon,NIX,01151950,70,153
Randy,PRATHER,03171948,79,158
Chase,FOY,08161979,79,159
Eduardo,NAQUIN,10111979,60,125
Beau,THIGPEN,08271970,76,158
Aiden,RIVERS,01301985,62,135
Emmanuel,ARTIS,11181983,74,161
Thomas,WHITSON,12051965,65,144
Sadie,BECKETT,05221952,56,115
Alexia,NIELSEN,04181968,69,132
Melany,PAXTON,12031949,66,139
Mckenna,SYKES,12201949,70,158
Israel,CAPPS,11171946,70,143
Arianna,FAIR,03091947,57,104
Kaleb,LAW,11151974,62,128
Alessandra,BUCKLEY,09031953,67,135
Caiden,WESTON,07281965,69,137
Noah,POINDEXTER,02131960,77,162
Serena,WINDHAM,10311973,64,134
Lucia,CHENG,05211952,58,120
Tatum,VASQUEZ,09261974,55,115
Bella,WISEMAN,03021985,56,110
Damon,GROVES,06251951,56,120
Luis,SKIDMORE,03031959,68,137
Phoebe,OJEDA,07301950,61,125
Lacey,LE,07151950,67,139
Norah,CHIN,05311940,75,159
Brianna,MADRID,12211949,65,154
Bethany,HYMAN,01271964,61,122
Dennis,DIAZ,03011962,59,113
Erick,PARSONS,08151950,76,153
Dorian,WELLER,06191976,61,111
Marshall,GONZALES,08091950,74,151
Jace,REITER,08131973,75,149
Zoey,BURCH,05301972,79,170
Jennifer,IRVING,01261966,60,128
Porter,CLEVENGER,02141985,69,145
Ethan,POTTER,09291957,55,123
Andre,KNOTT,02241985,69,145
Brenda,LOVE,11241960,68,122
Kenneth,MACKENZIE,02251944,77,167
Tyson,SAPP,02121976,56,92
Rowan,MORELAND,09081958,58,119
Natasha,BRINK,12291972,59,105
Jaylin,SHAPIRO,11061968,72,140
Cesar,HERRON,03241972,64,129
Adam,WEBBER,09021948,61,129
Chloe,CASPER,06031958,78,176
Julio,PIPER,08261980,79,188
Erick,PLUMMER,09101955,65,133
Manuel,CRAIN,01051964,59,119
Paris,KINDER,08101957,58,112
Tatum,QUEEN,04151960,56,98
Julius,BUENO,05141966,63,129
Bradley,NUMBERS,07091948,55,115
Harrison,FAULK,02131972,79,183
Tommy,PIERCE,03211975,59,123
Roy,NEGRON,11041945,71,146
Laura,BRUCE,07031950,64,131
Addison,IRBY,03301963,72,154
Josiah,HIATT,05281956,61,138
Piper,GILLIAM,01211962,69,153
Bryanna,MIZE,02171983,55,106
William,BURGESS,04291962,63,130
Hope,RICO,03131975,76,178
Megan,ALBRECHT,12231960,71,129
Melody,IRWIN,11111940,69,124
Brenna,JEAN,09231949,75,170
Francesca,TANG,05041962,69,158
Lacey,WORRELL,07041951,71,129
Brayan,GEIGER,05201969,66,150
Emely,NEELY,07101964,55,95
Chase,TATUM,09181955,64,150
Madisyn,PARSONS,01211962,68,162
Nathanael,AHNDY,12131944,70,156
Layla,YOUNGBLOOD,07161953,73,134
William,CASSIDY,07161976,74,148
Kimberly,CHAMBERS,04261958,58,131
Jaylen,BENAVIDEZ,01061977,59,133
Casey,ANDRADE,09031952,71,137
Louis,BOLLINGER,12021978,56,107
Aliyah,VERA,07111951,75,206
Veronica,BURNEY,12231981,77,173
Hugo,SMALLWOOD,07311971,66,136
Jordan,SHERRILL,04041957,63,117
Kelsey,MCKINNON,02031949,60,113
Jakob,HOBBS,12301978,79,161
Scott,HASTINGS,11231964,56,126
Casey,TOVAR,11161940,70,142
Juan,BLACKMON,03111981,66,138
Collin,HOLDER,11111966,72,139
Skye,HANKS,03081968,79,168
Timothy,CATES,03121975,57,113
Jeremy,COBB,06201964,56,132
Davis,SPARKS,08081951,59,99
Kassandra,ROCHA,09151915,77,174
Ezekiel,DUBE,04271949,55,105
Tony,CARR,02281964,78,164
Declan,DREW,12121961,57,99
Tiffany,SCOTT,11231958,55,119
Angel,ADAM,10101945,70,137
Sara,STERLING,09211976,79,171
Kyler,LUNSFORD,05281962,75,157
Jackson,ADCOCK,12291970,56,131
Brett,BURNETT,08131978,76,161
Nancy,GILMAN,01231985,60,114
Taryn,ASH,01161967,63,122
Zion,FARR,04191957,64,140
Kathleen,MADDEN,12131977,79,168
Terry,CASON,08291965,68,133
Tate,MEANS,11101982,76,161
Sasha,FELDER,05291954,69,135
James,GRIMES,10221967,70,167
Danica,TITUS,05201980,55,119
Katelyn,WINKLER,01211985,67,135
Jadon,FAGAN,03151951,76,163
Bryanna,CARRIER,05141971,68,147
Jake,MORELAND,12251974,75,162
Jimmy,LACY,11201966,76,162
Connor,BINGHAM,10291979,77,166
Jennifer,MATHEWS,06141968,57,114
Cash,HOLLOWAY,03241983,79,169
Donald,FELIX,05041959,69,147
Bailey,WEAVER,08101976,59,111
Ivan,TALBOT,05231966,56,128
Jaiden,VANCE,08141973,68,162
Dakota,BATTLE,11251985,57,106
Breanna,COLES,02051952,71,145
Dallas,MURDOCK,05271962,67,119
Karla,LENTZ,01191957,65,142
Penelope,WAHL,01051980,64,121
Ethan,PRATHER,12041977,59,129
Lexi,CHURCHILL,12091953,63,117
Brayden,MACK,01071980,58,115
Samuel,HURST,11261941,59,135
Omar,SOLOMON,01181973,60,110
Karen,HANKS,08201954,61,135
Amir,CLIFTON,03081974,60,119
Manuel,MCFADDEN,07281965,62,128
Ashlyn,ESTES,10101949,73,153
Tommy,KENYON,01021975,74,157
Denise,CONNOR,04271947,75,168
Audrey,HANKS,11281955,60,126
Lana,GUILLEN,02081960,57,99
Kristina,PIPER,01051959,68,137
Seth,STRANGE,02251954,75,150
Anderson,LAYTON,07231974,62,109
Avery,CALL,09241955,76,154
Khalil,MCCLELLAND,06241972,60,112
Morgan,PHIPPS,06101957,72,153
Hector,MCCORD,05161983,58,127
Steven,STEPP,09171950,74,147
Katherine,MOSELEY,02131952,67,136
Janiyah,CALLOWAY,11011981,63,133
Ashlyn,HARMS,02221969,76,180
Uriel,HIMES,11121963,55,121
Alivia,SMALLS,10121955,78,172
Yesenia,HOLLINGSWORTH,02171947,74,157
Audrey,BURGESS,05051956,64,134
Isiah,STERLING,01091941,69,141
Delilah,SYLVESTER,02031984,74,168
Angelina,SHEEHAN,09301980,74,172
Cadence,ARTHUR,08141981,66,140
Danny,GODDARD,11231981,77,176
Hanna,CALLAWAY,02201978,74,137
Nina,KINCAID,03231985,63,122
Drake,MOSER,05121976,63,128
Samuel,POLLARD,08181946,65,127
Graham,GLASS,12021975,78,177
Jazmin,MEZA,10051959,68,131
Xavier,REDMAN,06301962,56,114
Elliot,LEVY,10191967,79,189
Simon,OTT,01191970,56,130
Alberto,CARLSON,02191971,55,91
Daniel,BEAULIEU,03131957,59,105
Leonardo,ARSENAULT,08151953,73,157
Evelyn,CHOI,06041940,70,161
Rafael,HAN,04161955,56,96
Sierra,MOTT,11041985,68,132
Albert,SNODGRASS,07021947,69,148
Jaden,CARON,03081964,61,129
Jaylen,FELDMAN,02111965,64,125
Myles,WOODS,08091983,77,166
Bryanna,CHAPPELL,11301975,62,117
Harmony,PEARCE,08181975,69,156
Haley,BEAVERS,11031942,56,94
Layla,LINTON,07291978,74,158
Paola,LACKEY,04051941,57,134
Jocelyn,ELLISON,02201970,76,160
Camille,BAIN,04281952,71,142
Israel,ADAMS,12021980,62,125
Catherine,MORIN,08011952,60,124
Brett,RANSOM,12271981,74,154
Meghan,ADAM,04131958,77,178
Brennan,TIMMONS,01271983,65,154
Ivan,VELEZ,01131960,73,149
Leon,GARZA,05071966,75,149
Dominic,HIGHTOWER,01081970,72,151
Laura,ELLINGTON,01091942,72,150
Jaiden,MCCORD,08011956,69,136
Ayden,FORTNER,05261970,60,138
Jennifer,SAYLOR,05041953,62,147
Jazlyn,EBERT,08261970,72,150
David,GILL,04071963,67,150
William,HAYNES,02081976,71,147
Cole,CATES,03091966,68,141
Norah,LYON,12271961,72,150
Delaney,KANG,02241972,66,171
Leah,THOMSON,04201962,73,170
Randy,BEAM,09261968,67,131
Kaitlyn,PROCTOR,07291943,78,165
Athena,CRAFT,04061957,70,152
Brenda,ACOSTA,04211975,70,152
Fatima,GEORGE,09051949,78,160
Tristen,GUINN,01031945,66,126
Allison,VILLEGAS,03131948,73,157
Madisyn,JARRELL,01041957,58,108
Mateo,MACE,06031956,61,130
Priscilla,COLEY,06171976,78,162
Allyson,ENRIQUEZ,11181958,64,140
Lukas,OROURKE,04091974,75,163
Elliot,MANLEY,11301970,75,156
Nora,PEREZ,06131976,75,163
Daniela,BECK,10071961,72,149
Madelyn,CORNWELL,11241954,64,122
Michelle,SHEPPARD,02061962,72,164
Kyle,GIBBONS,02221960,68,113
Zachary,DILLON,10291966,75,179
Amya,WHITLEY,08081976,74,160
Shaun,PROCTOR,08211982,68,151
Uriel,GUAJARDO,08241985,77,176
Lilliana,MCGEE,05231965,64,130
Andres,HIATT,04101940,74,151
Felix,PENDLETON,10211985,73,155
Dallas,DUKES,08251957,66,134
Jaime,ROBBINS,03051969,61,131
Dallas,REITER,10111949,64,123
Arturo,LANIER,09271944,72,151
Audrey,CAMPOS,10171971,61,127
Elliot,PIMENTEL,12091981,62,111
Lola,LOONEY,08201965,63,118
Marley,DELVALLE,08141966,67,159
Nicolas,SPEAR,01121948,63,129
Tessa,FOY,08191966,55,125
Mackenzie,BERG,02221944,76,165
Dorian,NOBLE,04281976,69,153
Rocco,SERRANO,05231957,72,157
Cora,RILEY,09141969,70,166
Nia,THORN,09151980,74,163
Quinn,DARLING,07181944,73,159
Zion,MCCRARY,03131962,59,113
Megan,MURRY,12251964,60,127
Keegan,OAKLEY,06231952,68,149
Brodie,CURRIER,11191981,55,91
Rachael,CHIN,07211959,57,118
Melvin,CRAWLEY,11081958,57,101
Jane,ROSARIO,10251984,77,150
Erik,MILLS,04111957,60,124
Samuel,MCWILLIAMS,12151966,75,147
Emma,THAO,07081970,55,112
Lizbeth,FRYE,01151965,76,150
Kristina,BARTLEY,02011971,57,126
Kathleen,LEVY,07301978,75,139
Marissa,WALDEN,03091957,59,104
Bryce,GUNTER,01281944,62,132
Tiffany,FORTNER,03281975,77,169
Ethan,MICHAELS,06111949,91,157
Lauryn,PRUITT,01301964,60,129
Sophie,CORMIER,09151981,59,122
Michaela,LACY,02251962,75,148
Yahir,HARRIS,09031972,78,171
Peter,WOLFORD,07051945,67,145
Kristen,CARUSO,10241982,59,136
Helen,MCPHERSON,10091984,68,132
Ricardo,DURANT,12111982,75,166
Ryan,PINA,11271963,61,127
Lydia,SIMPKINS,03281949,63,120
Celeste,LUCAS,08131977,79,163
Zane,BREWER,05211954,78,169
Reese,STARNGE,01251940,58,110
Miguel,NAVA,05121977,78,159
Angelina,MORELAND,03311940,58,106
Ismael,IRBY,05261977,79,174
Gabriella,GOINS,01121976,64,134
Delaney,TOBIAS,04301982,55,108
Carmen,BOOKER,10161980,71,150
Julie,SWIFT,10091980,77,148
Camryn,MCADAMS,05031948,62,131
Maxwell,SHAFFER,03111974,58,117
Antonio,CARROLL,01301950,55,103
Tessa,MOREY,08161980,60,127
Davis,GRAY,06261952,68,152
Jade,GREENBERG,07051955,68,156
Jaydon,MEYER,12181968,56,116
Sergio,RITCHIE,07271954,68,147
Kelsey,BELTRAN,08201952,58,102
Ashlee,FARROW,02181955,74,155
Eliza,ONEILL,06181951,58,115
Melany,PARIS,04031956,67,138
Brenda,SINGH,11281960,57,110
Troy,DENNISON,05061980,55,129
Lane,STRATTON,07081980,56,125
Annie,GUILLORY,04221964,59,126
Brayan,BAUMAN,10211948,78,162
Hope,HOLLIDAY,03241949,61,123
Elijah,KELLOGG,03011971,56,94
Dalton,HOWE,04101949,79,156
Aaliyah,CAMP,11101978,57,120
Aniya,HAN,10141968,70,138
Piper,PALACIOS,11151940,79,178
Lily,NIETO,11031968,71,149
Aaliyah,TITUS,06131954,62,128
Jude,DEMPSEY,01251976,56,129
Jordyn,ELLINGTON,03071983,63,136
Connor,GOLDMAN,05011982,57,104
Bradley,CLIFFORD,03141957,67,144
Jade,WEINSTEIN,05251980,71,161
Connor,JOYCE,12011981,66,124
Mekhi,HOUSTON,10011978,63,126
Gabriella,BROWNLEE,11081950,70,150
Aubrey,DOZIER,08281970,76,165
rynn,NADEAU,07081940,75,179
Harley,WINDHAM,06171977,66,138
Gianna,GARNER,09301985,62,119
Luke,SNIDER,08151975,70,158
Lana,TNA,07211964,58,104
Leilani,MOORE,08221973,79,189
Caitlyn,KILPATRICK,10031963,64,120
Ayla,KANE,07251976,59,125
Mohamed,DILL,04191949,61,136
Ximena,SCHUSTER,07131955,65,141
Raymond,VALENTIN,11231950,75,149
Brian,TACKETT,11071978,55,114
Christopher,OCHOA,12061965,67,143
Giovanni,SADLER,10201947,79,167
Lilliana,CONNELL,10311944,66,146
Melissa,VALLE,04131980,60,133
Jayda,MATLOCK,09171942,55,116
Jackson,MOSLEY,09141971,55,128
Joel,LARSEN,03171969,55,107
Richard,HATHAWAY,07041978,57,121
Alexis,SCHWARTZ,12261969,58,124
Edgar,INMAN,10021984,65,136
Amber,POOL,05011951,65,130
Devon,LUNA,07181960,77,158
Cindy,RICH,11111983,72,172
Ruth,KEEN,08191953,66,135
Biylee,CRAIG,10031981,55,120
Larry,SALGADO,04021960,64,139
Enrique,HACKER,11181982,74,142
Danny,SISK,08271953,65,154
Ryan,WEATHERS,01211978,64,120
Lola,OMALLEY,01261961,61,111
Blake,DUKE,02131940,64,137
Gregory,GIBBONS,01291966,57,104
Ashlyn,MITCHELL,04211957,61,125
Mary,HUMMEL,11061964,69,140
Luna,VIDAL,10081981,56,122
Emmanuel,ROHCA,08071962,76,165
Henry,STCLAIR,04161971,76,151
Macy,DUNBAR,05221966,76,163
Kiley,MEZA,02141953,55,113
Johnathan,LAWS,04151962,58,97
Alejandro,HATHAWAY,09091945,63,131
William,STILL,09131968,72,182
Declan,BUSCH,07271973,59,126
Sofia,GEIGER,08231948,75,179
Curtis,MUNSON,04071945,74,166
Desiree,IBARRA,02031953,61,131
Dillon,RIZZO,07231975,63,136
Kassandra,ARROYO,12261944,77,170
Jameson,MCMAHON,04041967,70,145
Joseph,JOHNS,09201956,56,131
Elizabeth,ESTRADA,05241984,65,120
Bella,LOPEZ,08211982,70,127
Amya,THOMAS,04081948,58,110
Cecilia,AGUILAR,01131942,65,132
Emerson,GRIMES,02181962,66,132
Laura,LANKFORD,06131968,68,163
Brielle,ROPER,10251964,58,130
Dayanara,ASKEW,08171972,57,132
Mekhi,HAMMONDS,06121943,63,125
Logan,POTTER,06171940,78,171
Karla,KEYES,10221958,62,134
Nataly,BIGELOW,07071954,69,139
Mathew,RICHARDSON,08241957,78,151
Esmeralda,BONE,05191961,70,144
Rosa,TRIPP,10061968,59,106
Adan,ESTEP,08041985,64,146
Nyla,OTTO,05151979,63,112
Dalton,WILKINSON,05241979,78,168
Ismael,LEONARD,12211960,70,153
Miracle,DAVIES,07301978,66,140
Sierra,SHEFFIELD,06261941,56,117
Eli,HOYLE,04151970,75,143
Hudson,GONZALES,12051982,64,112
Jorge,LILLY,01061951,73,143
Trevor,GILL,08101982,63,139
Keegan,SADLER,07241957,66,138
Gustavo,CONWAY,01031984,74,156
Juan,ERVIN,06291951,73,142
Mathew,MOSER,07171950,71,155
Michelle,SEALS,04241949,62,143
Meghan,BALLARD,03121954,68,141
Jada,FORBES,06091981,76,148
Elise,HALEY,09131965,73,154
Jeremy,NANCE,06071969,75,171
Cyrus,CAVANAUGH,10031968,79,169
Katelynn,BRASWELL,07111954,78,173
Celeste,ALFORD,06151962,62,124
Sergio,QUINTANILLA,06021948,69,131
Kaylie,GRADY,03251943,61,129
Talon,DOLAN,11201941,69,164
Casey,MAYNARD,05021951,71,144
Hope,BENAVIDEZ,12031942,74,148
Yahir,HEMPHILL,07291967,75,179
Olivia,HALEY,03031957,62,126
Kyle,PHELAN,05271969,60,113
Derek,VANDYKE,11291949,74,157
Aidan,HARMON,01091941,76,156
Dorian,CONROY,01251952,56,111
Valeria,MATTHEWS,03241959,69,159
Simon,HARDIN,03041968,55,120
Grant,SCHAEFFER,09081949,72,159
Luna,HICKEY,12101979,61,118
Roberto,NUNEZ,06231982,79,157
Jace,WATERMAN,03301947,59,113
Jayden,KINNEY,04111976,57,117
Pedro,DODSON,03031981,63,119
Laura,MIRANDA,08241981,70,157
Spencer,BROWNLEE,12031944,72,149
Kamryn,WILLOUGHBY,09041958,78,183
Solomon,BRUNO,07091979,67,132
April,CHRISTY,12011967,73,134
Logan,MCCORMACK,04091965,58,114
Joselyn,BREAUX,11051940,74,173
Ernesto,KRAUSE,09291971,75,179
Aidan,WHITEHEAD,10271961,69,140
Cynthia,VICKERS,09161971,68,145
Elle,WALLACE,03241969,70,157
Gabrielle,NIELSEN,01011980,68,140
Leonel,WHITMAN,11241963,70,129
Jacob,CARDONA,11071972,68,133
Naomi,YOUNGER,03091955,63,137
Jaylin,BENNETT,04091952,71,138
Lizbeth,CANTU,12041971,65,135
Ryan,MACKEY,04131962,67,123
Jane,WORTHINGTON,07031955,78,166
Ariana,HAMMONS,11191981,65,135
Pierce,GODDARD,10071957,64,113
Aidan,MCCLURE,07041979,63,134
Joanna,HUMPHREYS,09201983,75,147
Patrick,DOBBINS,11071963,73,150
Casey,ADKINS,11181948,74,153
Mateo,YEAGER,11081943,74,144
Rafael,HARPER,11111940,57,123
Brittany,KRAMER,11161975,72,150
Maggie,ROWE,04271952,56,124
Pierce,SCHELL,12301955,58,126
Riley,LYNN,07281979,57,97
Ezekiel,FONTENOT,09041976,60,115
London,GUZMAN,05121969,60,120
Tatum,TIMMONS,01151963,57,104
Kameron,REDDING,06301943,58,117
Maya,BANDA,09161966,64,126
Anastasia,BARGER,10211947,59,109
Bradley,HUTCHINSON,02011949,57,121
Saul,TUBBS,07301955,67,141
Tiffany,SANCHEZ,09191961,60,128
Lauren,GLASS,09031940,78,159
Madyson,ORTEGA,06231963,68,135
Luke,BROWNING,03291975,58,116
Cameron,STILL,01301947,61,136
Andrew,SEALS,05061961,64,138
Malachi,CAHILL,02091960,77,177
Steven,GREENE,04161964,77,178
Elise,INCENT,02181970,67,124
Hayley,MAURER,07241955,72,144
Brenda,TIMMONS,11041975,77,151
Paige,DOUGLAS,10021979,57,106
Trenton,HOLLEY,11301944,76,147
Emily,SALISBURY,12231969,73,167
Axel,SQUIRES,05241984,62,120
Devon,FORD,09141950,56,106
Melissa,NAGLE,12121963,61,125
Georgia,SWAFFORD,06081981,79,171
Andrea,LINCOLN,03061968,78,159
Camden,KINSEY,04121969,78,167
Joseph,SHEPPARD,02281982,67,124
Vivian,WOOTEN,08221944,69,134
Phillip,BRYAN,08031955,62,121
Jaelyn,LYLES,11201985,59,132
Ryan,BAIRD,07261984,65,146
Taylor,DUARTE,05161968,78,156
Mark,BOSWELL,09131959,72,132
Seth,POE,04101980,66,144
Kristopher,TUTTLE,09241957,62,131
Andres,CLOUD,01281971,75,162
Erick,DURANT,03051978,78,161
Harley,THURMAN,12231945,63,132
Oscar,ROBISON,02161982,66,135
Liliana,HAYS,12051976,67,148
Kade,STACY,10221982,62,149
America,PARTRIDGE,05211959,69,148
Davis,MERCER,12181968,65,133
Bella,CABRAL,11231949,77,170
Connor,STAHL,10181983,70,167
Makenzie,POLANCO,10031970,70,149
Anya,CROWELL,05091958,86,149
Makenzie,BURKS,01291941,55,110
Athena,ANDRADE,10121979,78,156
Camille,ZUNIGA,01041945,73,174
Jaxson,AGUIRRE,04281968,63,128
Nikolas,REAGAN,10021952,78,171
Athena,DECKER,01141967,58,110
Haylie,MEYERS,09121952,58,104
Raquel,STEIN,04291972,68,140
Izaiah,HOOK,08031981,57,116
Jadon,BESS,05091954,66,133
Hannah,DALEY,07261948,79,155
Haylee,VELEZ,06111967,74,143
Nathan,BERNSTEIN,05011971,67,140
Cheyenne,MCLENDON,08181940,56,128
Albert,GOLDMAN,11041941,56,118
Lana,BURGER,09201969,75,157
Kameron,STAMPER,07311947,55,96
Rachael,ADDISON,11081968,72,166
Jazlyn,RANDOLPH,07101957,68,126
Brayan,HAHN,10171956,77,174
Jack,KEITH,04021940,60,127
Kassidy,MARSHALL,01281954,63,120
Michelle,MCGRAW,01071960,64,124
Lesly,EPPS,07121978,77,172
Tessa,MCCLOUD,10911950,76,152
Andrew,STANFORD,03171961,64,152
Collin,BEHRENS,06051949,61,131
Albert,VANHORN,08161963,73,157
Felipe,SWEENEY,10281960,70,146
Steven,BLANKENSHIP,05131956,56,104
Cole,MACKENZIE,10251967,68,141
Reece,WILKS,07301969,67,153
Owen,WETZEL,01121943,64,115
Andrew,FISH,03241974,75,170
Cadence,SERNA,08221980,79,172
Kimora,GODDARD,08111954,76,143
Aliyah,CHAVIS,05291964,55,97
Amber,BELANGER,05171958,65,119
Cooper,ELDER,06121958,73,145
Jesse,TILLEY,05291981,66,139
Kristen,SWITZER,02091968,66,143
Hayden,LUMPKIN,12301985,74,144
Emiliano,TRAN,05281981,56,105
Brody,MARLOW,02221951,68,149
Priscilla,BERGERON,03171953,56,113
Cadence,LONGORIA,09291967,67,129
Jasper,KELLOGG,08261983,85,154
Mihcael,BRERY,04011982,77,160
Rylan,WELLMAN,11221965,79,157
Shayla,ALI,03111946,78,164
Giselle,RICKER,08021974,76,182
Brooklyn,MACON,06131943,78,165
Mia,SALISBURY,12211941,69,150
Selena,PARR,03211948,69,137
Dillon,OLSON,06141967,58,101
Carlos,KOENIG,02251975,69,146
Easton,LANDIS,02061981,56,108
Diamond,MCBRIDE,08151954,58,100
Melvin,NQAUIN,08141955,74,156
Lawrence,RIDGEWAY,02201984,67,140
Abby,MCADAMS,07141981,79,172
Carson,MCKINNEY,09101941,69,130
Holly,DUGAN,04271984,59,122
Tyson,MCCLENDON,07291960,67,141
Sidney,GLASS,01131950,67,139
Rihanna,LLOYD,07291965,65,144
Cadence,ROSS,06301941,74,159
Christopher,RUFFIN,11281975,77,176
Emely,FISHER,07261978,57,120
Jaxon,SPEARS,12021984,72,149
Bryce,STOVALL,12231947,60,125
Silas,FOX,10271957,76,168
Reese,TOVAR,12311940,58,125
Braxton,THOMAS,10201941,79,162
Justice,MERCHANT,09241971,67,132
Braeedn,ROJAS,08291965,69,146
Jamarion,RENTERIA,05201957,63,116
Elise,CONLEY,02021979,67,148
Ariel,MIXON,06051963,75,170
Yasmin,MATSON,10121965,66,138
Mckenzie,EAD,12311956,75,144
Tommy,KENYON,01191975,58,125
Chandler,KILGORE,02081970,75,166
Ismael,KELSEY,05201955,69,142
Stephen,KYLE,09081954,56,119
Tyson,WILLEY,05171943,77,165
Felipe,BOBO,10081961,61,114
Norah,PLATT,05121946,68,125
Taylor,VARELA,04271972,68,122
Dalton,CABRAL,10311979,67,134
Lola,SIMPKINS,08091968,69,154
Moises,FRITZ,09091974,57,130
Lindsay,OSBORN,04071964,79,173
Bailey,KENNEDY,12061947,70,146
Felix,BEAVERS,06021963,77,173
Taylor,WING,12221961,78,164
Luca,HUGGINS,12231960,77,174
Kristian,HURT,11131960,75,144
Charlotte,RUTH,03161964,62,133
Leonardo,HAMPTON,08171970,56,94
Larry,FARR,10041980,74,161
Cameron,DORMAN,08261971,61,138
Heidi,WALLIS,04071957,58,125
Jeffrey,GENTILE,03091960,66,130
Erika,NEWTON,09201985,65,131
Alexander,LUNDY,03011941,66,119
Aurora,SIZEMORE,04191953,77,155
Elliott,GANDY,02141985,73,149
Douglas,DILLARD,01251944,67,147
Itzel,THORNTON,08201947,57,119
Cora,WARNER,12031975,71,133
Allyson,PARRISH,05181978,58,112
Paluina,DICKSON,07021952,58,107
Willow,HAGAN,10031940,76,142
Allison,NEFF,05311941,77,178
Brenden,JETT,03301970,68,139
Marcus,NOVAK,09181975,76,161
Kylie,LARKIN,06191984,55,103
Asher,MCDOWELL,09041959,60,112
Hope,VALLE,03061963,77,184
Nia,BREAUX,03141961,77,169
Kylee,BOWLES,02131984,58,117
Diego,BIGELOW,01291945,76,168
Raegan,RUCKER,07131974,66,141
Isabella,GOLDMAN,12041941,72,163
Amari,FLINT,10031971,72,160
Kathryn,VASQUEZ,08291915,59,124
Moses,BOGGS,08311973,73,154
Sean,BEVERLY,11071980,60,122
Melvin,GOMEZ,03101957,76,161
Elliot,GREENE,04011977,75,142
Laura,BUCK,05201977,64,130
Felix,GRAYSON,07141982,71,141
Quinn,HENNING,11281977,71,144
Kevin,WILSON,11141951,63,138
Anastasia,KAEN,01091970,58,106
Avery,KOENIG,06181948,63,137
Jayson,TIMMONS,02121953,57,101
Erica,ALONZO,02151977,60,107
Viviana,SNEED,04291949,62,142
Ella,BEARD,01071969,61,129
Aliyah,CHAVIS,03071980,72,149
Kelvin,REESE,01011952,73,162
Scott,RUSHING,02151968,71,149
Madyson,CALLOWAY,04111974,71,145
Kiana,ROBINETTE,12141941,64,134
Robert,GRIGGS,11241941,57,126
Ismael,JETT,02191944,76,174
Brielle,SANTANA,06301957,75,156
Carolina,LI,02091946,69,142
Tony,HELTON,10131941,69,164
Emanuel,LYMAN,10181945,68,137
Rebecca,MCGUIRE,07021956,71,150
Phoebe,VAIL,12231954,64,141
Conor,BOYER,01081947,69,158
Josie,SOMMERS,03111980,79,171
Lane,MATHIS,08051951,68,130
Hugo,MCKEE,11251985,68,156
Elena,HAIRSTON,02241978,76,163
Jaiden,KEENAN,12311943,65,124
Mason,ROBERTS,02081953,68,161
Aniyah,CHO,06061951,75,172
Adan,MAGUIRE,08171961,55,103
Amir,BOOTH,07061940,78,155
Haylee,ADLER,12291942,73,165
Mekhi,ROMERO,11171972,61,110
Desiree,LOWRY,11061958,57,103
Landen,GODFREY,07131962,64,134
Wesley,BENITEZ,11131984,62,114
Natasha,RAY,05241983,64,124
Carson,NICKERSON,01271943,73,144
Guillermo,SLONE,01051943,68,129
Jayla,SHELBY,09201971,70,149
Jaiden,PRESLEY,12291947,57,108
Chelsea,PAIGE,09281961,75,162
Phoebe,CERDA,05191972,71,151
Aaliyah,HUFF,05181980,60,112
Kiley,CHONG,04071983,79,186
Nora,MORALES,04091982,71,154
Wesley,FORREST,02201979,64,131
Eduardo,FLOYD,09011959,66,142
Elaina,CAHILL,02201945,69,139
Preston,JORDAN,08221968,76,178
Gabriela,PUTNAM,08211980,67,151
Aidan,LORENZ,05111968,70,163
Madalyn,HANKINS,01291962,56,99
Leonel,SPAULDING,04011980,56,92
Declan,SCRUGGS,01141976,62,124
Dulce,GASTON,09221940,82,141
Kaitlyn,HAIRSTON,06141982,60,120
Cohen,SNOW,10131974,66,126
Brianna,CHONG,04281967,55,116
Alexandra,STANFIELD,03031984,72,170
Priscilla,VOGEL,06081943,63,117
Cole,HAYDEN,11031982,55,96
Tatiana,BAEZ,05011983,75,167
Salvador,NORMAN,02081966,61,137
Mauricio,CHRISTY,11131977,77,151
Alessandra,LEHMAN,05131982,64,143
Eric,BOWLING,10021964,69,150
Dante,ISRAEL,05121970,66,149
Gabriella,VINCENT,08271963,64,123
Marco,LAU,01131954,74,147
Cora,CORTES,12011961,71,135
Danika,HILL,11121984,66,132
Marcus,LINDER,12211969,57,120
Aden,MORIN,02181949,63,133
Cadence,SELF,09041964,63,129
Lola,VALDEZ,10141971,65,127
Maria,CUMMINS,10311955,66,122
Paige,KINNEY,01031985,72,130
Oscar,PEARSON,11051946,63,130
Justice,CHANEY,10051947,69,156
Damian,ESCAMILLA,08041946,75,155
Kristina,STRANGE,12151956,63,126
Miley,MANNING,03271979,69,144
Armando,CORMIER,06241984,72,153
Isaac,MELTON,01301968,74,154
Makenzie,DODSON,08081982,70,133
Sergio,WINTERS,07221958,58,109
Yasmin,FONTAINE,03261963,63,148
Tommy,WOOTEN,08301980,69,147
Ali,LOVE,08301962,69,124
Alondra,VINES,08301979,69,149
Roger,KIRKPATRICK,08031951,77,158
Dawson,HARDING,06151958,60,112
Malik,DAVISON,12151971,55,124
Delaney,GEARY,12281966,57,113
Mercedes,MCALLISTER,08201954,62,129
Haylie,ROBINS,07161981,66,149
Abby,SEALS,03091961,56,122
Trinity,NEGRON,05101960,57,120
Peyton,ROOT,04071978,60,105
Reese,BENITEZ,07041944,62,126
Kamryn,FRIEND,05221952,55,123
Hazel,MACE,06101944,67,135
Kenzie,BACA,07261959,75,168
Brenna,TOBIAS,04271940,63,119
Lexi,CASTLE,06101978,67,152
Tori,MCRAE,08141983,66,157
Molly,GRAF,06041985,61,121
lbert,GALLEGOS,01261960,67,119
Guillermo,BOYER,09141942,67,143
Chris,STEELE,08231940,78,169
Aileen,NEFF,01131950,65,143
Alaina,SLADE,02051946,70,127
Tiffany,JACK,04031961,55,120
Jose,KAY,01111967,64,123
Parcer,PETTY,11231958,66,141
Skylar,WHITFIELD,03271983,71,163
Johnathan,CAPPS,01151975,65,116
Casey,LEMON,08121971,73,150
Angelica,MEZA,03081972,65,139
Allison,QUINN,10161944,75,162
Myles,SHERRILL,09171984,56,100
Danica,ROMERO,01101975,59,117
Bryan,CUMMINS,12151958,72,141
aJce,LIND,05311985,73,147
Hope,PENA,07021953,62,118
Reese,CARLISLE,05151975,57,101
Brody,KEATING,09081967,69,151
Mackenzie,STEPP,11261962,60,142
Dalton,ONEILL,05041965,76,170
Leslie,FOLEY,04261973,71,155
Abby,POOLE,05231953,60,120
Jade,SIMMONS,05221971,76,165
Aubree,WATERS,05031984,68,133
Charlie,BRINSON,04301945,56,122
Chris,WOODARD,05271978,71,146
Saniya,FORBES,07151943,63,127
Reese,LIVINGSTON,12111942,78,167
Ruth,PFEIFFER,12181953,71,153
Blake,LINCOLN,03231961,64,144
Juan,MCFADDEN,02221978,71,149
Jaiden,GIBBONS,05141955,64,112
Kadence,PAIGE,12221975,67,123
Michelle,CULVER,07011951,60,117
Dillon,ADAM,02271968,61,124
Stella,LOVE,06181963,70,159
Eden,DUBE,01051978,56,97
Willow,AUGUSTINE,03141980,72,150
Cristopher,LARSON,04181940,77,177
Kathleen,MCGINNIS,04281978,78,160
Madilyn,OUTLAW,06241970,71,147
Miriam,SCHMITZ,08121970,56,118
Antonio,WOODALL,02101982,69,142
Shayla,NEFF,10101940,72,151
Jayda,ELLIOTT,05201946,77,159
Vanessa,SCHWAB,06281961,61,127
Jose,ALBERT,01021961,57,119
Nicoals,LUNA,10041972,66,142
Shawn,BYERS,10121975,55,106
Edgar,ASHBY,03061963,75,156
Kai,TOMLIN,10021944,65,136
Arthur,HITE,01091955,71,139
Ashley,MATTHEWS,11041944,55,105
Clayton,WHATLEY,01261943,65,133
Ryder,POTTER,03131949,57,107
Keira,SLONE,09121960,72,163
Kyle,PAINTER,06241977,79,166
Drew,SATTERFIELD,05291945,68,148
Phoebe,MCCRAY,02171958,69,142
Leonardo,HOUCK,08071973,55,113
Nikolas,CHASTAIN,05241951,65,137
Maria,AGUIRRE,05121972,68,145
Kylie,CORNELIUS,09121943,76,158
Ruby,KEYS,05251958,69,142
Aden,PARKS,06181942,76,166
Danica,BERGERON,10211947,66,138
Stephanie,POTTER,10251945,55,98
Andre,NOEL,05051958,66,125
Rihanna,TANNER,02191980,70,143
Lindsay,NAPIER,11071978,64,140
Richard,PATEL,07071944,76,164
Abel,ALLISON,03291961,72,156
Nathanael,DOUGLASS,10221984,57,120
Dakota,MCCAIN,09061961,60,114
Bryce,ASH,05101949,57,96
Javier,MOSHER,02011946,55,103
Celeste,TRAYLOR,06271961,61,124
Jadyn,DENNIS,05171968,78,165
Samantha,HERRMANN,12151955,76,157
Walter,ROMANO,03121965,77,180
Annika,LINDSAY,12191968,57,112
Cadence,WHEATLEY,05171960,64,152
Cooper,KEATON,10251954,67,126
Christopher,CABALLERO,04051969,57,114
Matthew,HESS,06011971,72,160
Nyla,KELLER,04181961,67,144
Kiana,ANGEL,08071985,78,155
Kara,DEVORE,02051980,57,94
Aidan,FORSYTHE,07131956,78,149
Michaela,THURMAN,11031973,65,137
Mason,HAYS,11231967,66,140
Melvin,PIERCE,01211948,61,129
Christopher,STILL,04221966,60,135
Jayce,DOBBISN,09241959,58,120
Leland,EAST,04141976,62,113
Nicole,CRAFT,08221976,57,119
Kassandra,HAMILTON,07201941,61,125
Fernando,KELLEY,12181970,77,166
Johnathan,KRAFT,05021965,57,101
Claier,SAMPLE,04121951,55,107
Isiah,SEGURA,11281985,79,169
Itzel,COLEMAN,03191980,67,129
Skyler,ROOT,06251974,67,148
Faith,TAYLOR,08191911,56,108
Ashton,MCCLENDON,12291979,63,144
Annie,ADAMS,07171951,73,149
Jaiden,RYDER,09281944,76,152
Eleanor,WALSH,09261973,67,139
Alejandro,PRUITT,02151941,73,136
Jessie,CROMWELL,01051970,70,146
Carlos,HACKER,07061965,76,161
Daniella,WOODALL,07231948,72,152
Sean,BLAND,11031968,61,116
Ivy,HAWKS,03161965,58,111
Demetrius,HESS,09231984,57,94
Tucker,DELGADO,05271945,67,159
Cohen,SMALLEY,10241947,72,159
Griffin,KOWALSKI,05121954,67,139
Jocelyn,EDWARDS,05011974,76,142
Demetrius,SAPP,10201968,65,114
Anastasia,QUEZADA,05201956,74,176
Camila,MCCLOUD,06251972,67,159
Javon,RUSS,10111965,69,154
Colten,MOSS,05211947,59,116
Orlando,BONE,09031955,57,130
Delaney,HIGHTOWER,05131949,64,130
Andrew,BECKHAM,04131943,74,159
Chris,FROST,02091941,60,114
Maggie,ARROYO,03101963,71,157
Hailey,EASON,05211948,65,135
Izabella,HIGH,05071982,67,120
Alan,KENNEY,09131966,68,145
Ruben,HOUSER,12161944,66,150
Kyra,HOOVER,04261950,69,152
Alejandro,GROGAN,04061969,71,163
Corbin,QUIGLEY,03221979,79,164
Seth,JAMESON,07121951,57,129
Naomi,KANG,07211981,63,132
Stephanie,ABNEY,12281941,56,125
Xavier,GLOVER,01181954,72,139
Bella,ESQUIVEL,03051945,59,103
Giovanni,KILGORE,12141941,63,141
Bennett,POOL,09091985,74,167
Kayden,DUFFY,01161948,66,145
Kaiden,WITHERSPOON,04081960,57,125
Brooklynn,ANTHONY,10141981,67,140
Frank,SPANGLER,09231974,63,112
Janiya,WILLINGHAM,07221968,70,164
Grayson,WHEAT,10251940,59,129
Crsitian,THURSTON,07111981,78,147
Perla,CHOATE,06061968,71,148
Ali,GUAJARDO,06031965,67,136
Richard,FINNEY,12231979,69,138
Skyler,MURDOCK,04111967,63,133
Gary,ADCOCK,06091971,73,134
Khalil,SHOOK,09211946,73,174
Miguel,GLOVER,06131957,56,92
Keira,FIELD,03311956,62,126
Benjamin,VILLA,06171950,60,129
Finn,SAMPSON,04121964,72,151
Alice,BARR,08241985,58,97
Conner,OLSON,01241951,63,133
Kayden,NOYES,09031979,66,134
Sadie,HINDS,04061942,62,147
Stella,SCHUMACHER,08101967,78,154
Jordyn,PAULSON,05211963,74,170
Julissa,EBERT,05261978,79,160
Nevaeh,WORRELL,11211961,67,138
Gloria,HCISHOLM,09161961,76,162
Nasir,CALDWELL,06061942,68,138
Melany,MOELLER,12231944,59,117
Leo,MORROW,02031944,62,113
Porter,LOYD,04201966,63,129
Evelyn,SIERRA,02271984,59,137
Erin,MCBRIDE,06041976,75,151
Teagan,ADLER,05211942,64,123
Jane,MORENO,06061965,69,140
Julia,KOEHLER,03161977,73,167
Jesse,BRITT,09071982,68,122
Malia,BARRETT,03091985,64,125
Dominick,NETTLES,03221945,64,126
Eleanor,MORAN,01261941,58,114
Mercedes,BIDDLE,02241951,57,127
Pirker,PAZ,08011975,60,130
Mia,ESQUIVEL,05071984,78,158
Miracle,BALDWIN,12151944,69,147
Reese,PADGETT,08211972,56,122
Jimmy,WALLS,10091982,68,131
Travis,ARNETT,01151960,60,111
Evangeline,KINSEY,01091967,62,119
Ana,OTT,02101967,69,143
Skyler,CASTANEDA,04241961,75,142
Kailey,SEWELL,08021965,75,152
Timothy,PIERRE,06091947,55,110
Leo,HAUSER,01041976,77,180
Christian,KRAMER,08191966,56,104
Lydia,SHANKS,01131972,65,140
Owen,CHESTNUT,11041957,75,179
Cynthia,FRYE,04191945,74,147
Mia,LEBLANC,09271965,74,162
Nickolas,LEAL,08151955,79,177
Elias,MOLINA,10251957,79,170
Quincy,ALBERT,05271964,56,105
Heather,BERGERON,01171984,63,141
Kenzie,ADAIR,03131946,79,186
Bryanna,WILKINSON,09031953,60,121
Abbigail,LUTZ,01151959,58,109
Tyler,PICKERING,06281947,79,156
Phoenix,WELSH,05021958,68,131
Aniyah,TOMLINSON,07061947,62,119
Declan,OLSON,04191972,59,116
Shannon,HOGAN,11071977,66,126
Emerson,HOWARD,11231975,72,140
Louis,NASH,03081954,72,151
Daniela,LOGSDON,08031981,71,167
Reese,MCRAE,06181945,75,158
Weston,ANAYA,06041977,70,159
Julius,KUYKENDALL,08131960,60,137
Colten,ASH,04111960,72,141
Andrew,HOUSER,03241966,78,149
Lindsay,GRANGER,10291978,57,122
Jaelyn,MILLARD,09291957,77,159
Monica,DWYER,09021966,68,148
Tristan,MALCOLM,02281984,77,160
Julie,MADISON,06191977,77,166
Jasmin,COLON,08281947,58,116
Cehlsea,BUTTS,07101971,79,172
Shelby,BERRY,09061953,68,143
Julia,GAMBLE,04241956,62,124
Kathleen,KRAUS,09051977,58,99
Tessa,CHANDLER,12271945,72,138
Hector,DENNIS,02261969,61,121
Reid,SCHWARTZ,04211945,57,116
Andy,LYNN,06231946,56,122
Tori,TIRADO,02091941,69,144
Keira,LOGSDON,02081964,64,124
Amanda,THORN,04241955,64,123
Jacob,MCRAE,06271979,61,111
Sierra,BUCKLEY,02071949,71,142
Devin,YOST,07101946,62,109
Salvador,PARSONS,01251970,77,155
Addison,BURKETT,04111978,56,100
Aubree,HOLMAN,11141972,57,110
ihanna,QUINONES,04121971,66,157
Felix,VARELA,05201940,64,129
Danielle,BOWER,04111951,66,124
Jacob,BETTS,09121979,56,110
Rosa,RALSTON,10041976,64,116
Scarlett,SLOAN,01151953,62,115
Mikayla,ARIAS,05061957,78,168
Abel,COLON,11161943,76,164
Ernesto,ARMSTRONG,01201944,69,143
Addyson,MCALLISTER,07111944,73,163
Maya,DAHL,04061959,77,164
Macie,HAGEN,03291957,76,146
Sam,COURTNEY,11161962,60,121
Tatum,JARRELL,12251950,64,112
Christina,EDWARD,11131972,57,96
Angel,HODGE,07061977,64,131
Tyson,DIAMOND,05011984,65,141
Jude,GAFFNEY,08181971,58,131
Gage,RICE,06251983,79,167
Franklin,DO,09201973,71,156
Paulina,WALLER,08261965,74,158
Cooper,TRIPP,11151983,62,142
Celeste,WEBBER,12291967,71,160
Amaya,STARR,04031950,63,124
Katie,WILKES,12191969,74,164
Hayden,PARR,04291959,67,137
Ainsley,SIMMONS,12011947,56,112
Jazmine,ROSAS,03301974,64,126
Johnathan,PURDY,05211914,55,129
Jameson,HIGGINBOTHAM,05211962,57,120
Isabella,CROWLEY,04301952,64,133
Franklin,DOUGLAS,07271961,56,127
Declan,RAMIREZ,01071957,79,172
Abel,MCCLELLAND,08271962,55,106
Noah,SOUTH,08111957,78,156
Yasmin,FORREST,05161977,62,117
Phillip,MARLOW,12221957,64,128
Connor,VELAZQUEZ,06061941,77,179
Aniyah,SLADE,03241978,70,141
Ashton,CURLEY,02201963,68,144
Payton,VALENTIN,03251985,60,115
Roman,WINSLOW,08141981,59,130
Ciara,RUFF,07021953,72,166
William,REDDING,05091976,57,117
Mariah,CASTLE,04211962,72,152
Madalyn,PETERS,05201965,57,122
Robert,NAYLOR,04201941,75,167
Connor,MARCUM,07041981,63,141
Ariana,WELLER,06291961,73,166
Chelsea,BEST,11091952,77,192
Anya,CLEVENGER,05021967,67,129
Quentin,EDMOND,02191972,60,132
Ivan,WALLIS,10151985,67,148
Zachariah,LOONEY,01211957,75,146
Savannah,MCCARTNEY,09161942,55,118
Jake,WAGONER,07291975,63,149
Carson,OVERSTREET,02231957,62,131
Fiona,MCGRATH,08131956,65,124
Fernanda,MCCARTER,06161971,55,112
Izaiah,JUDE,07131956,76,155
Jamari,BEARDEN,10171964,76,176
Stella,AYRES,12181950,57,105
Julie,HATHAWAY,02211970,64,139
Reece,BROWN,12171953,68,140
Nevaeh,BLACKWELL,08191941,64,122
Sawyer,KOCH,04221957,56,104
Terrance,KLINE,07201970,77,182
Valerie,HAYS,11151942,62,126
Juan,CRIST,05091957,60,135
Emilee,STUMP,10231960,76,168
Trey,MINTON,06151978,69,153
Kassidy,QUINTERO,01141955,68,140
Marcus,GALLAGHER,03061953,60,130
Titus,CARTWRIGHT,11061945,64,120
Jon,TOBIAS,07011951,67,135
Jameson,TRENT,05121959,69,153
Genevieve,STARNES,08091983,76,166
Georgia,PATTEN,03261951,74,137
Braden,ZEPEDA,03051943,64,137
Isabelle,ALLISON,10311973,76,159
Alexander,AVILES,06211973,65,144
Dustin,BASSETT,04061952,64,126
Julio,KRAUS,03051957,63,148
Douglas,WILKINSON,07081963,74,153
Ashlynn,MCLEAN,11291985,58,118
Jacob,SPEER,04231973,58,137
Brooklynn,HAND,05011958,77,183
Elena,AVERY,02231971,76,162
Troy,FUENTES,01071967,76,174
Marco,BOUDREAU,01181976,75,156
Anna,SKIDMORE,03141967,71,149
Jane,REA,08261950,58,124
Bryant,DICKINSON,02011969,74,165
Lucas,FULLER,05291949,73,147
Amir,SPAULDING,07261952,67,143
Julius,SCHAFFER,08071955,57,115
Reid,EDWARD,03111970,70,149
Luis,WYMAN,11051962,57,119
Bryanna,LADNER,01261957,64,135
Oscar,HAM,01241918,77,155
Allyson,CRANE,10201955,55,129
Luca,MACHADO,06141970,60,119
Quinton,HAYWARD,04131968,72,136
Rihanna,CROCKETT,11121968,67,120
Reese,OUELLETTE,12201984,79,222
Lucas,KUYKENDALL,06211941,61,140
Hayden,DRAKE,01101957,69,161
Landen,DALEY,02101981,74,160
Crystal,KNAPP,01021949,72,148
Samantha,RICHTER,09221951,72,155
Nehemiah,BRADSHAW,08251958,74,142
Joe,FROST,12231971,77,144
Jermaine,HOGUE,02171953,66,145
Diana,CURTIS,12031971,63,137
Melvin,LIM,05011984,78,166
Esmeralda,MOJICA,01151955,79,168
America,FERNANDES,06041950,78,156
Lyla,GAGE,07101952,71,154
Brenna,CORCORAN,03011969,64,139
Kenzie,SPRINGER,07281940,67,149
Jaime,MCGHEE,05251971,76,163
Donovan,HOFFMANN,11161980,56,112
Sandra,SALISBURY,05091955,74,163
Jorge,ROGERS,10021945,61,134
Julianna,RUSH,12051951,56,112
Hunter,GILLIAM,08081977,74,151
Carter,SAPP,03041954,74,165
Crystal,CHANG,09111951,58,126
Amber,OCHOA,11141972,71,145
Gabrielle,WILKINS,01281974,70,161
Joselyn,SQUIRES,10201953,63,143
Kali,HAN,09011971,66,135
Jimmy,GARRISON,11261973,77,155
Justice,HILLS,01171978,77,166
Corey,BRENNAN,07281942,78,154
Aldo,GARRISON,10261977,68,144
William,PEMBERTON,06081973,74,154
Kyla,GRECO,08131961,79,150
Javon,LAWLER,08231970,65,139
Deandre,HUYNH,02041960,64,145
Martin,TRUONG,07301959,69,149
Kyle,MEADE,12081960,77,180
Naomi,BARGER,10201980,78,166
Hailey,VALENTINE,09091984,61,136
Marcos,FRENCH,11031969,70,148
Josiah,GARLAND,01291948,79,173
Joselyn,HARPER,10291961,76,161
Nadia,SOTELO,12271977,76,163
Jaylin,COX,08041948,63,109
Raegan,THOMPSON,05231984,61,113
Liam,MILAM,07061974,56,101
Gianna,HOSKINS,12141943,66,139
Jackson,PITTS,04171942,59,127
Bryson,GLOVER,09061953,67,140
Shaun,CERVANTES,12071983,76,130
Devin,BRENNER,02091982,70,133
Jaden,BARR,05031960,77,158
Imani,EVERHART,01011945,77,162
Samara,INSLOW,07031946,67,148
Leland,WILSON,06011942,77,176
Kaitlin,EVANS,09261949,68,150
Alissa,DUKE,12011977,67,127
Melody,HURTADO,06061980,68,146
Haley,COREY,04151961,74,166
Quincy,GAMEZ,02281973,72,158
Elaina,DUARTE,09261965,70,149
Jeffrey,PURNELL,10271950,64,149
Madeleine,MCCURDY,05261958,56,115
Guillermo,CORREA,12071943,74,152
Marisol,BERNSTEIN,09111946,55,129
Nataly,BUSH,12071957,58,111
Francisco,HARGROVE,01131948,56,105
Abraham,ROE,06221949,70,150
Felipe,KAY,03291948,77,154
Ashlyn,KILLIAN,06131940,64,133
Julianna,LAWSON,07041955,62,115
Anthony,PAYNE,10151963,57,116
Michaela,CORNETT,09301985,66,150
Dorian,ALI,06011972,58,119
Jordan,CAREY,08181984,63,118
Tatum,CHOW,03151980,73,157
Cheyenne,VANG,03161960,61,149
Daniela,MICHAELS,01051942,64,152
Melany,KRAUS,03021983,70,138
Kelvin,KAHN,10171949,56,121
Dean,MCWHORTER,07221949,68,158
Jeffrey,RILEY,03181961,69,150
Elliott,ISRAEL,12071954,73,148
Hugo,LITTLE,12271960,70,129
Aubrey,DELEON,02221946,67,126
Kyra,BRAVO,05311981,66,141
Connor,RUIZ,11011952,55,91
Kaylie,ADDISON,11151985,77,167
Lucas,EUBANKS,12181948,70,134
Ana,WATSON,11171981,71,166
Savanna,DENNY,09081950,73,166
Benjamin,STCLAIR,04271946,63,120
Myles,HICKMAN,07061970,76,194
Angelo,FUENTES,01071982,63,120
Carly,COCHRAN,06011983,56,110
Jesus,CLEMENT,06221948,78,170
Allie,POWERS,06121969,79,150
Blake,HODGES,07311947,63,141
Ivan,VAIL,12211971,70,145
Anastasia,STEARNS,10191971,62,134
Lindsey,GARVIN,12241980,60,138
Marcus,GUINN,01081985,77,149
Tyson,GRADY,01161981,59,118
Macie,MCMILLIAN,12121984,70,162
Adrianna,STANLEY,10221985,70,155
Ayden,CHRISTIE,01131951,64,139
Randy,SHEETS,07221975,76,158
Quinn,FOSS,03281981,66,121
Myles,PARENT,01281968,68,135
Sophia,DICKEY,04231967,67,140
Hannah,QUINN,06251951,57,122
Jazmine,STONE,05171942,69,153
Damon,KUHN,10021972,59,121
Shelby,LIVELY,08251964,71,145
Sabrina,KEARNEY,04101964,62,111
Eleanor,SCHAFER,10081979,76,159
Kaelyn,HARDING,12281960,58,120
Mia,KEY,11111976,79,171
Ana,LAYNE,08021984,55,116
Rachel,CLEMENS,11131955,71,141
Shane,GURLEY,05061956,61,112
Thomas,HOWELL,09071948,74,147
Malik,XIONG,02061968,71,146
Kylie,GREENBERG,01141972,62,129
Nancy,BARTHOLOMEW,08221951,55,108
Khalil,RIZZO,01171963,64,135
Melody,WOODWARD,03181971,60,142
Fatima,CARRANZA,05201970,56,112
Jamari,VU,07091969,72,153
Jamie,WOMACK,09151945,65,137
Braydon,VANCE,07171984,65,136
Wendy,SAENZ,07281978,75,159
Grace,CLIFFORD,01281969,68,131
Jimmy,COUTURE,11061982,77,170
Paige,MOREY,12031951,62,128
Ismael,SWAN,02091971,72,168
Andres,SLOAN,06101974,65,145
Viviana,AMAYA,11221959,72,152
Aubrey,ALONSO,10201984,77,171
Kennedy,DYE,04011970,78,160
Taryn,BLANTON,06091953,59,114
Meredith,ALONZO,04141954,64,147
Naomi,CULPEPPER,12031985,73,157
Jaiden,WOODARD,09111963,65,123
Adeline,MONAHAN,03291948,68,154
Keira,WALLACE,06271974,61,126
Violet,GUERRA,11191955,72,156
Victor,NEWMAN,04261982,66,134
Maddox,SANTANA,03251960,64,150
Bruce,SANTOS,10051963,70,136
Jude,REDD,12151941,65,142
Kaylee,SPRINGER,01041949,75,169
Brian,JEFFRIES,04161979,73,111
Nicholas,HAWKINS,05171948,71,169
Ivan,WITHERSPOON,10081985,64,132
Hunter,CASTRO,06221985,73,140
Ella,BELLAMY,08211942,55,94
Carlos,GAGE,08131981,59,103
Madeline,SOWELL,11241957,70,144
Leslie,RICHMOND,01161970,68,139
Ayla,BARBOSA,06271951,63,130
Myles,HORNE,08181954,72,161
Kingston,MACON,02061943,69,128
Ethan,SYLVESTER,05061971,55,122
Jaelyn,JUDD,05071941,58,104
Autumn,EAST,03071956,72,164
Hayden,CHEATHAM,11091943,77,158
Francesca,HUFF,07301985,78,187
Vanessa,MINTON,07221961,65,123
Haylee,REDMOND,10231965,79,186
Micah,THARP,02171954,57,102
Roman,HOWELL,11161963,60,102
Dulce,DWYER,05101985,72,165
Jay,SCHAFER,10151969,76,153
Myles,NELSON,10181955,68,143
Jameson,GUERRA,03191979,68,161
Holly,SPRUILL,10221943,78,176
Xander,LINCOLN,09051946,61,113
Kristian,CHADWICK,07081975,79,176
Kathleen,JACQUES,08081960,70,142
Chelsea,VARNEY,08271945,76,168
Gabriel,BOWEN,01041967,75,155
Fernanda,WHITNEY,01281985,69,160
Adriana,ROSEN,06121968,57,113
Nancy,CHATMAN,06281959,58,108
Aliyah,LINN,10271973,57,130
Tristan,PEPPER,10091985,60,126
Desiree,KRUSE,07231985,73,169
Owen,RHOADS,09131940,79,177
Jamarion,SCHWARZ,10211949,68,136
Esmeralda,RIDER,02271971,68,135
Lucas,CORDERO,06091982,56,103
Dakota,MARQUEZ,03231959,56,108
Cindy,OCAMPO,11241984,56,114
Jordan,WATKINS,03261948,76,152
Quinton,HOLLINGSWORTH,08061957,67,123
Izabella,YOST,06011955,67,138
Abraham,BONNER,11291961,69,141
Porter,BARLOW,11141984,73,152
Aniyah,COOK,07241968,78,170
Jaime,KOEHLER,02031976,65,144
Ismael,DAVENPORT,02161977,76,182
hCance,HAN,11061964,59,116
Ayla,DUARTE,01151981,61,126
Dennis,NEFF,07111944,60,116
Izaiah,TROUTMAN,07021981,71,147
Lily,DANIEL,02231977,78,181
Braylon,STERN,03071955,59,125
Gabriella,PRATER,11161955,60,129
Sofia,SCHAFER,05211941,72,146
William,MURPHY,11161975,67,145
Marshall,BRUNSON,05271959,78,177
Armando,KUYKENDALL,12101946,64,135
Guadalupe,BREAUX,04191971,79,154
Autumn,FOY,05171979,79,156
Penelope,GRUBB,08271965,73,142
Payton,KENDALL,03161958,67,130
Jaylin,STEEN,10101983,59,132
Giselle,WATKINS,03131968,66,132
Alyssa,PRITCHETT,02011940,79,189
Javier,ANDREW,01311967,63,141
Kenneth,STUART,09111970,55,89
Emiliano,GILL,03151982,76,182
Madeline,VARGAS,10091960,76,167
Luna,WILLEY,06151967,65,133
Grcae,JAMESON,05281983,70,140
Ty,LAND,11161977,75,157
Eli,HENDERSON,03081974,62,147
Madison,MCDANIEL,11261945,61,127
Isabella,ARMSTRONG,04221948,72,147
Cade,KLINE,03051972,68,143
Brayan,MANN,09041984,73,154
Kyleigh,MACE,03281968,72,151
Raquel,WILLS,02021952,63,135
Jaiden,VARGAS,03101968,73,158
Jadyn,BILLINGS,07091968,58,107
Chelsea,LAYNE,05041955,66,118
Catherine,VALENZUELA,08251940,60,129
Leonardo,SANFORD,05101942,79,170
Viviana,HOPSON,07281971,71,149
Abraham,CAPPS,05081941,79,171
Serenity,HELMS,01081976,74,158
Jadon,KAPLAN,07251984,75,204
Raul,GIPSON,10281970,76,169
Lukas,PRADO,05031964,73,157
Nehemiah,NEWSOME,01131983,60,114
Dennis,MINTON,09251945,78,160
Nicholas,POLLARD,08141984,61,116
Amy,KENNDEY,11231968,56,116
Malik,FREY,08131966,55,129
Julian,BAGLEY,05221977,74,172
Jason,IVEY,08151955,66,121
Mark,REES,07181968,71,158
Cade,HYMAN,05021968,76,178
Angelo,WALTON,02121974,68,139
Arianna,HASKINS,10171960,72,166
Nathaniel,WISE,08211940,63,122
Sophie,JACOBSEN,01151981,68,144
Crystal,MADRIGAL,07241953,76,161
Valentina,WILLINGHAM,11021976,57,118
Jackson,LY,02271985,75,159
Vivian,MONROE,08061979,66,157
Devin,ROSEN,06121954,61,108
Andy,STAPLES,05041954,79,165
Rodrigo,PHILLIPS,06161964,67,127
Joe,JOYCE,10311941,77,159
Drew,HULL,04171943,75,175
Dante,YODER,10081962,77,144
Payton,CHATMAN,12071942,60,108
Aurora,COY,06221960,60,142
Catherine,NORWOOD,12251977,63,138
Carl,LESTER,02281944,60,116
Jenna,EDWARDS,01251940,58,106
Emilio,CRUZ,04191955,61,125
Ashlyn,RANDALL,05141958,58,122
Sidney,WILHELM,10111967,71,107
Alan,ROMERO,04141968,59,118
Rebecca,ACTES,07071982,70,137
Keira,ALI,10231970,66,117
Ismael,GANN,03021956,61,133
Aubrey,SCALES,12151954,70,157
Autumn,MURRELL,05181981,74,171
Jameson,KINNEY,02191968,73,164
Rebecca,FITZPATRICK,02191984,70,146
Claire,MCKENZIE,07301941,68,145
Angela,CANTRELL,04101951,61,144
Timothy,KIMBLE,07131942,58,122
John,MCLENDON,04161952,78,160
Robert,QUARLES,06031974,78,165
Destiny,ROSEN,10311953,74,144
Mathew,IVERSON,06221963,67,133
Kameron,CORMIER,07141948,73,148
Edgar,MCCURDY,12141962,68,160
Jamie,RINEHART,08161973,56,125
Madelynn,HIRSCH,07291973,69,151
Aurora,BARNES,08211953,60,123
Madeleine,RADFORD,10051946,63,130
Autumn,MYERS,05261972,59,102
Sandra,LOPEZ,07091954,57,106
Yoselin,DIAZ,09171959,69,135
Max,SHANKS,04291982,62,144
Enrique,GOLD,04041967,78,178
Logan,CLARKE,04061974,68,140
Elliott,CHACON,06101945,58,102
Jazmin,MEANS,08161955,73,166
Danny,REYNOSO,09071969,78,167
Skylar,MEEK,05301977,63,123
Rodney,THOMAS,12041972,69,146
Reid,BLOOM,01191947,79,179
Jaylen,WARREN,11021959,77,168
Kayla,HENDRIX,06131962,67,141
Jesse,ROLLINS,12191970,59,120
Keira,SHIPMAN,08061951,71,156
Ashlynn,STCLAIR,12251956,78,168
Dennis,HIGGINS,03251951,59,112
Kenzie,HAMLIN,04291970,75,149
Madalyn,BENJAMIN,07161960,56,92
onathon,HOPSON,01251951,58,121
Aurora,COFFEY,05041977,68,152
Luke,KAY,03161971,59,123
Abigail,DUNHAM,03181956,68,138
Mekhi,LANG,08231976,57,109
Hiilee,PARTRIDGE,04171946,69,134
Kyler,VELASCO,06211962,68,153
Mathew,BYERS,12171954,66,129
Brody,CHANG,08201954,70,153
Parker,GUEVARA,07061957,68,156
Courtney,DOE,03021982,59,123
Zander,VALADEZ,07311964,56,112
Simon,LIU,05081980,79,167
Griffin,HAWK,11261967,75,160
Pedro,ADDISON,05051974,68,149
Macie,RAYMOND,01021985,60,121
Owen,THORN,08091950,74,163
Elliot,PRESLEY,02141951,81,143
Heaven,HAMM,02161948,59,116
Adam,CROSBY,04111966,63,123
Alina,DARDEN,02241948,78,166
Jayla,CARPENTER,09011976,70,159
Ryan,TRACY,03191979,61,125
Kristen,FINK,11061970,67,140
Marco,HEARD,01011941,72,142
Caitlin,RICH,01221969,58,108
Saul,KOEHLER,05311961,72,173
Ernesto,CANALES,11291961,72,159
Micheal,LEVESQUE,05211948,67,144
Bella,BRAVO,10191967,57,119
Veronica,DRISCOLL,03051941,73,171
Mariah,SELF,09071960,62,126
Solomon,HOPKINS,07051950,77,158
Nathanael,ROMERO,10151975,60,137
Kenzie,INTON,03151983,61,120
Jazmine,YORK,06151980,79,182
Justice,BONE,12201985,75,167
Riley,CLAY,10101966,73,173
Paulina,MATTHEWS,03131970,64,125
Jasper,RUFF,05121958,64,137
Morgan,VARGAS,11101964,72,164
Alexis,DWYER,05061972,58,119
Adam,JACOBSEN,08101969,76,142
Vivian,MAIN,04131977,73,160
Cassandra,BLACK,04041980,71,159
Anna,CHEATHAM,07271954,59,122
Calvin,FAUST,06151954,79,171
Ayden,LOUIS,11161958,78,163
Abigail,WILKINSON,01181972,72,172
Claudia,GIL,05281957,85,164
Maya,COFFEY,01171946,71,135
Nia,FERRELL,10191972,77,162
Joel,LANDRUM,06291950,69,145
Peyton,WITT,11141976,66,117
Fernanda,MANN,05291949,65,134
Enrique,PIERRE,01131985,68,140
Erin,EASLEY,03071984,76,159
Ciara,COATS,09131964,69,147
Diamond,FELIX,06221944,64,126
Faith,PADILLA,11061941,61,127
Javier,COTTRELL,10151964,68,141
Nathanael,SIMPKINS,08101944,79,178
Harrison,COE,09271978,77,174
Rodney,OWEN,12031964,70,160
Natalie,BUENO,02151949,77,158
Natasha,MOCK,03271950,79,172
Aidan,CLOUTIER,01111984,69,129
Madilyn,TROTTER,10061947,57,96
Harley,GIVENS,01221950,56,123
Katelyn,HYDE,09281960,73,166
Jameson,MCDOWELL,07031971,73,154
Terry,COMBS,05041964,63,127
Lance,LONDON,12131954,65,131
Randy,DAVID,06241961,59,113
Autumn,JOINER,06031964,68,160
Kylie,GEIGER,01201956,60,132
Alina,GEORGE,04201951,65,137
Skyler,FOLEY,11131958,72,147
Wendy,HARVEY,09171943,63,130
Kaitlyn,FISHER,11121968,67,140
Mercedes,HEBERT,07051940,61,118
Jaime,LANKFORD,01281985,70,141
Lilly,SCHMITZ,04141985,60,141
Caitlin,STINSON,03031960,69,145
Nataly,GARVNI,08301941,73,154
Jameson,VELA,08241949,77,176
Julie,DONAHUE,06011951,79,168
Madilyn,JOINER,03051951,72,158
Lyla,SAYLOR,02021953,78,194
Brielle,ISBELL,05161978,65,119
Rachael,SWEENEY,06281966,64,144
Rose,CASTANEDA,12311946,58,118
Bethany,ONEIL,02141949,74,145
Kelvin,QUALLS,06221973,78,159
Amelia,BEST,08191955,56,111
Adan,YOUNGER,01111966,66,140
Leslie,SOUSA,03091940,74,164
Katie,GRIMM,05281947,65,133
Rodney,GASKINS,01061976,65,123
Aliyah,HEARN,09241964,64,126
Jazmine,GREER,07291947,61,120
William,JACK,03081961,63,132
Allyson,GALLO,02111951,73,149
Ryder,MILLS,10091965,79,170
Genesis,HURST,09201984,72,148
Esmeralda,MASTERS,01071952,76,151
Janelle,RUFF,12211951,78,168
Mohamed,DELONG,02141975,75,152
Elias,SKELTON,08071979,76,159
Madelynn,CAMPBELL,09131943,76,161
Sebastian,REID,04181960,66,136
Dulce,GANDY,11291963,61,115
Yoselin,SHELDON,09231965,78,160
Meredith,VILLARREAL,05071949,73,157
Lena,CARR,03291971,78,157
Paris,CRUMP,01281973,68,150
Darren,OCCHRAN,04211961,65,125
Camille,EAST,11101984,58,133
Ashton,KRAUS,04211985,72,145
Everett,PAINTER,11301982,69,138
Haley,EUBANKS,03051952,56,119
Nicole,ZAMORA,06301960,72,150
Chris,DOWNING,05291964,63,134
Jaxon,SWIFT,08131965,64,138
Amber,FUNK,06271943,76,165
Dakota,REYNOSO,01301943,69,144
Hayden,PETTIT,06281960,90,160
Kylee,CABRAL,11201946,76,167
Jay,WORLEY,10101951,72,160
Tiffany,MCKINNEY,02161940,61,120
Isiah,HELM,03051979,69,147
Easton,SHULTZ,10031978,60,109
Tristen,ROSARIO,07251972,78,157
Adrian,KINSEY,11021957,71,140
Natalie,GATES,02031954,71,145
Jaden,BOGGS,07291968,62,115
Malachi,TOLBERT,01061982,74,150
Hadley,CHO,12131975,68,138
Thomas,MCCURDY,03261960,55,97
Drew,HILLIARD,06201952,64,137
Keira,LIND,01131975,71,150
Jane,HAYNES,03101981,70,148
Mikayla,ENGLE,03191971,71,141
Miranda,DUNNING,06031959,67,124
Katelynn,CHRISTY,06111946,76,165
Israel,YEAGER,09231948,56,103
Kathleen,NANCE,04051958,74,137
Jonathon,MINTON,07311955,64,139
Janiya,COURTNEY,12171983,58,137
Alberto,FARRAR,09031960,70,132
Roy,GARNETT,03041965,63,133
Fabian,LANG,11061958,71,155
Dayanara,DOUGLASS,01161954,62,121
Quinn,MARSHALL,12191980,61,140
Kobe,MEANS,01191942,73,151
Kiera,HAINES,05151954,69,141
Alexander,HESS,06011945,63,130
Miriam,LOVELL,08071976,78,179
Chloe,TEAGUE,03271974,79,184
Brennan,YU,04131953,66,123
Talia,LADD,01291982,76,162
Aliyah,BRANHAM,01251940,72,140
April,SCHNEIDER,01171970,56,112
Abbigail,SYLVESTER,09101978,66,126
Joel,ERICKSON,04221943,68,122
Raegan,BUCKNER,10101945,62,126
Joel,KENNY,07151951,59,125
Nicolas,CROFT,09271961,76,154
Joe,HIGHTWOER,06201961,63,124
Jason,BENDER,01291954,78,158
Angel,OCONNOR,07021976,72,164
Jamie,JACOBS,01111966,62,136
Imani,ROBY,06051971,79,174
Ainsley,HASKINS,04061976,60,127
Micheal,CASSIDY,07211974,56,128
Ivan,BEST,12211973,64,124
Jayla,STEARNS,02211984,78,180
Jamarion,WEST,07171958,57,104
Bryce,KAISER,03111968,73,153
Leslie,HAGER,06291968,79,175
Logan,BALES,01081960,57,123
Noah,HIGHTOWER,01071941,71,143
Mikayla,CODY,04091941,74,146
Gsielle,BRINK,12251947,64,139
Saniya,FOLEY,02101964,63,120
Camden,TURNER,01271952,64,141
Eli,COBURN,11191979,70,143
Allison,MATSON,03051985,79,155
Breanna,HALE,09121958,69,134
Riley,FAGAN,03151944,60,111
Frank,GAINES,03211968,72,158
Kyle,SALINAS,07291984,72,163
Lilliana,GILLIS,03061963,74,148
Bianca,BAER,05131953,60,104
Luke,PARENT,09261969,72,135
Harmony,TALLEY,01151941,65,136
Kristian,RALSTON,05271965,69,137
Estrella,CASTANEDA,02071975,73,164
Brenna,ROBINSON,06031955,70,143
Leo,EDDY,01271983,64,132
Caitlin,BARKLEY,01011983,73,156
Jaxson,HITE,02041963,56,99
Lola,GANDY,08011985,77,183
Kaylie,JARRETT,07231941,63,140
Grant,HAYNES,07311973,64,140
Diamond,CASTANEDA,03191982,63,136
Willow,HOLT,06171958,63,120
Casey,NEEDHAM,09121949,57,110
Joe,PEOPLES,10201956,64,134
Chase,YOST,08271941,78,161
Ciara,OLIVER,11091941,60,120
Cheyenne,MELENDEZ,12111970,72,153
Raquel,NGO,02141984,73,170
Jesse,FOSTER,03201962,79,170
Lillie,EASTMAN,10221949,61,144
Edgar,BLACKMON,09111956,56,112
Porter,LESTER,07091968,55,101
Philip,BRINSON,05281960,86,144
Stephanie,MCMILLAN,03251954,65,139
Payton,DOWNEY,08111970,69,158
Everett,HULL,04191948,77,178
Madisyn,DELATORRE,06291967,55,123
Julio,ALND,03071974,73,137
Elliott,HARRISON,07061975,63,129
Kaleb,LONDON,08311947,77,173
Johanna,MOREY,04191947,56,103
Fernanda,TRIPLETT,03091944,59,119
Rodrigo,KINNEY,01041980,57,105
Edward,KIMBROUGH,06271958,75,173
Landon,CARMONA,04121955,62,122
Khaill,MARION,04141951,70,160
Alanna,LARUE,05091958,75,156
Iris,STRANGE,07241952,63,117
Skylar,EASLEY,02281969,62,109
Kylie,WILKINS,05211944,72,113
Veronica,CHRISTOPHER,12181949,64,138
Ariana,MEANS,07221963,76,194
Jameson,NIELSON,09191946,66,142
Samuel,PAULSON,12091960,55,109
Kelsey,STEPHENSON,07041948,59,130
Levi,KNOWLES,04291960,61,126
Lizbeth,HYMAN,03121961,69,155
Cory,PULLEN,11101949,57,111
Lexi,OMALLEY,01071949,68,125
Salvador,VERNON,10301957,60,128
Jude,GALLEGOS,12181967,72,101
Ali,GOMEZ,02151951,73,127
Nora,BAKER,07091983,71,146
Julia,MCMANUS,06241943,78,172
Harmony,BRYSON,11031957,63,114
Elliot,BERGMAN,12111982,61,164
Harrison,HERRON,09291952,64,142
Lilian,ROSALES,04211957,71,146
Felix,HARLEY,02041975,71,151
Rosa,COMER,07221947,78,176
Chris,GRAVES,12061953,64,138
Cole,SCRUGGS,07011947,79,162
Maxwell,BAXTER,10141975,79,149
Elle,DOSS,11101944,69,145
Elias,READ,10271970,65,121
Andy,KAUFFMAN,09201956,73,158
Christopher,GRANGER,04091977,67,149
Macie,PEMBERTON,06041977,71,146
Drake,WILLOUGHBY,04171968,62,137
Serenity,GONZALEZ,05021964,70,196
Johnny,KEENE,04291946,63,127
Alexandria,NEWMAN,04131963,76,146
Rodrigo,SCHULTZ,08251985,70,134
Henry,OLDHAM,04041941,68,155
Alejandro,LEONARD,04171946,59,99
Nikolas,HIGGINBOTHAM,11021947,68,134
Braden,BRUNO,10241941,71,133
Giselle,SCHULTZ,12161973,73,158
Hector,CHIN,04221980,77,156
Erik,MAGUIRE,08181978,62,131
Ana,BRINSON,08201982,66,103
Keaton,WAY,09271956,56,112
Kristina,SORENSEN,05131963,70,149
Ismael,SWAIN,11011960,65,145
Daniella,VENTURA,01251955,63,135
Ryder,WILLIAM,03071972,55,102
Damon,RICKS,04111971,58,115
Reese,LITTLEJOHN,05051979,66,150
Brody,BURKHART,11061971,57,121
Damon,LIBBY,03271981,55,116
Autumn,PURCELL,09251962,76,174
Breanna,SLOAN,11071960,64,131
Macy,PARRIS,05061965,55,111
Skyler,BOLES,12251966,67,119
Macie,STALLINGS,11271950,71,174
Zander,DAVISON,11061957,66,139
Camden,PIERRE,02171952,74,157
Morgan,AGUIRRE,08071983,68,148
Bryan,SAUER,06281948,73,164
Wyatt,STALLINGS,04241967,72,155
Damon,ONEILL,08011962,69,130
Emily,STOREY,08211976,56,108
Gloria,RICKS,01171958,68,139
Melody,MAJOR,09071971,55,106
Lola,PIERRE,11251972,67,119
Talia,MAYFIELD,10121955,63,115
Daniel,DUGGAN,10041965,58,130
axson,MCNAIR,05011974,60,123
Kailyn,LYNCH,10121947,77,159
Aden,BAUGH,06251968,72,151
Kelsey,CUNNINGHAM,08111962,76,182
Jeffery,WELLS,06251973,66,139
Xavier,HARDIN,10231977,66,129
Natalie,SELBY,05291971,62,147
Benjamin,COSBY,03131970,70,149
Amari,ZAPATA,06101982,63,137
Ezekiel,DEMPSEY,08031974,62,129
Valentina,WALDRON,09191984,65,138
Leonel,AMAYA,10211969,78,158
Bella,SHEA,04041964,69,149
Armando,PENNINGTON,12021941,62,137
Felix,CULPEPPER,12021977,59,103
Everett,ROBINETTE,02241942,63,149
Madelyn,MALDONADO,10171976,79,170
Arianna,FELDER,09221943,66,115
Juan,SAUCEDO,04191971,71,152
Lance,SOSA,01281943,72,169
Eden,MCMULLEN,10071965,59,119
Paul,FONTENOT,07271971,69,147
Fabian,CHRISTENSEN,12271940,75,160
David,REDMAN,04201953,56,109
Jay,KIRKLAND,11251962,70,147
Quincy,CHO,06261973,56,110
Derek,GRACE,03101956,70,136
Tony,PLATT,02131963,78,165
Miley,WALLS,03231958,55,102
Zoe,BROOKS,02121980,56,122
Griffin,STRONG,12171952,63,128
Avery,WHITMAN,11271985,69,157
Guillermo,DRISCOLL,07061971,59,115
Caitlin,GOLDMAN,05291978,65,135
Payton,RIDGEWAY,12271977,74,164
Raul,THURSTON,10151959,66,131
Weston,HUFF,02141940,65,150
Annie,LAMAR,01151946,58,97
Miley,MERCADO,03101959,67,132
Camila,OGLESBY,01191940,61,112
Aaliyah,WILKINS,08041975,78,165
Bridget,BURGER,12041961,71,147
Joel,HOUSTON,07091964,69,132
Jaylen,MANSFIELD,10301967,61,138
Alyssa,CLEMENTS,08311952,79,181
Colin,HOUSER,07011964,66,124
Ashlee,CORIBN,12091915,62,113
Abraham,CAMPBELL,01301947,71,141
Greyson,SHARP,01241948,70,145
Savanna,GALE,03131981,75,169
Jack,LITTELFIELD,11181919,68,140
Viviana,QUIGLEY,09071970,62,127
Imani,STALLINGS,06131981,73,164
Grace,SHOOK,05081948,70,138
Alexa,CREECH,02021981,64,129
Colby,TOLBERT,11081959,56,117
Donald,COSTELLO,11291962,75,168
Skyler,SHULTZ,03271942,63,116
Jonathan,BARNHART,10171964,71,152
Francesca,EMERSON,05231966,63,136
Ashlynn,FULTZ,05211973,56,110
Annie,MCIGLL,07291941,78,158
Elias,WOODY,06201976,74,165
Jennafer,HONEYCUTT,07221984,69,138
Corbin,STAPLES,12171975,64,136
Linda,GERBER,11121969,75,149
Brock,FERNANDES,06221974,74,155
Jasmine,TRUONG,07021950,76,165
Colton,ONEIL,04101944,77,156
Heather,SHARPE,11131954,62,130
Julio,KYLE,08181948,62,119
Maximus,EASLEY,07121969,75,151
Robert,GOSSETT,01041944,78,159
Aaron,VU,06141968,71,147
Teagan,MICHEL,03131945,68,146
Jasmine,CHRISTENSON,11281984,79,182
Taylor,WILKERSON,10281981,63,126
Destiny,OROZCO,03251974,61,116
Brendin,FISCHER,01201977,77,162
Ronald,LYMAN,05011946,72,152
Bryan,SHEPHERD,02121958,66,126
Samantha,LEMONS,08261982,77,158
Seth,PURCELL,04051952,58,136
Phillip,HAM,05131959,78,179
Laila,SHOOK,07161966,57,105
Ainsley,WORRELL,09021977,76,170
Sam,KITCHEN,07031982,61,105
Gael,VAUGHN,01191966,58,104
Bryan,PIERSON,09161951,72,146
Brian,ROBINSON,11051969,72,164
Elise,CRANDALL,03081981,61,117
Alessandra,ARNOLD,08161961,59,118
Wyatt,PORTILLO,06121980,58,117
Bella,DONAHUE,05251955,57,130
Lesly,BURNHAM,02051958,78,176
Walter,BLAIR,03051955,75,170
Abel,WEAVER,10021944,57,116
Trey,SIMPSON,02191959,61,113
Johnathan,CORNELL,02121963,71,158
Mya,WINSLOW,12021976,78,163
Landyn,MCLAUGHLIN,06031976,69,135
Jamarion,BEAL,03151985,79,164
Sadie,EARLY,07171967,75,151
Izaiah,SALMON,06231956,76,145
Chloe,WALDEN,12301947,58,115
Esteban,METZ,09281972,70,141
Carlos,CROCKETT,07101977,66,154
Marcos,PATE,01261949,78,169
Angelina,VALLE,12031959,63,136
Evan,GUTIERREZ,01111954,60,123
Makenzie,OLIVARES,07021961,62,126
Charlotte,GRAHAM,11041955,77,184
Makayla,WISEMAN,07131982,66,148
Alejandro,GALLAGHER,08281968,60,115
Mateo,RICKETTS,12211959,67,159
Samara,STINSON,09031975,74,162
Valentina,CHACON,08221942,61,125
Marcus,ALICEA,06041982,62,136
Brayden,SCHULTE,09231984,57,107
Desiree,AQUINO,02081985,60,122
Enrique,COLLIER,05021950,74,164
Donald,OSBORN,10071957,76,158
Orlando,LAUGHLIN,11271977,63,132
Landen,NEWSOME,11261950,77,162
Kristopher,NANCE,02121959,77,159
Cruz,EDDY,01101940,79,168
Genevieve,MCWHORTER,06271973,64,134
James,PURDY,02281979,76,158
Reese,TONEY,12221959,70,144
Alessandra,PARSON,02281985,69,157
Kenneth,JENNINGS,03311981,74,167
Damien,BOWLING,01061973,61,128
Javier,DODGE,02251965,71,151
Rihanna,CHRISTENSON,07041945,70,144
Kassidy,DODD,03201965,73,162
Charlotte,LILLY,04191961,60,132
Evan,SUTTON,11281976,72,138
Antonio,YANG,01061967,71,150
Anaya,HAMM,05271940,60,120
Brenda,FAIR,01251948,62,132
Katie,OCONNOR,06061965,69,145
Jasper,COMBS,03281985,72,172
Mathew,SINGH,02191941,57,119
Aileen,BURGESS,05101964,56,103
Grant,WILLIS,02191975,56,107
Alfredo,LLOYD,04271959,78,159
Kathleen,FOLEY,06231967,68,137
Alina,ELKINS,03131978,69,155
Brady,SERRANO,02211953,55,109
Riley,WEINER,10141966,55,123
Gael,ODONNELL,09041979,66,139
Selena,LYTLE,02201942,60,114
Omar,SHERROD,09191944,76,165
Cheyanne,PEARCE,07021965,58,116
Patricia,RIVERS,06071977,58,101
Jessica,CAUSEY,04281942,67,150
Evan,WLIBUR,08101967,67,137
Brooke,DREW,01141940,68,140
Jocelyn,BOUCHER,01141955,69,152
Marissa,HANNON,06141954,55,116
Audrey,MANSFIELD,12021958,66,142
Porter,RANDALL,02281964,65,117
Natalie,SNOW,08171973,62,116
Weston,HARRELL,06051954,57,112
Alexa,HORTON,08171956,69,150
Crystal,WALTERS,03121954,76,160
London,HARDEN,11271970,74,173
Violet,BROWN,06061955,80,148
Jaxon,ROBERTSON,05181951,63,133
Alison,HOLLIS,12231972,77,151
Jose,CARDWELL,05231964,66,154
Alec,HOPPER,07161950,59,128
Kaitlynn,SMILEY,06251977,77,153
Adrian,CANALES,09281957,75,161
Ramon,CASPER,12041941,73,158
Chad,GARRISON,02201973,72,156
Darius,DELANEY,10091980,86,181
Antonio,TINSLEY,05281952,55,117
Kyler,KENT,09221946,56,110
Eddie,DOCKERY,07131942,70,154
Alex,AGUIRRE,03011981,68,140
Mariana,PREWITT,09181982,67,142
Kathleen,BULLARD,12201975,65,131
Adrian,KERR,08231951,70,137
Jazmine,POST,01031963,76,148
Juliana,VELASQUEZ,05101967,78,187
Terrance,MORELAND,05141945,58,121
Jonathon,DUNHAM,10291944,76,166
Maya,FALCON,09221947,75,178
Aldo,HARTMAN,01031948,73,163
Felipe,YOUNGER,05081977,57,105
Nasir,LEHMAN,11231960,68,139
Kali,HARKINS,12311945,77,156
Brock,DILLON,11191959,70,150
Priscilla,HANKS,06141963,69,140
Ethan,TILLEY,09041971,65,120
Jacob,LESLIE,04251949,69,141
Graham,BURROUGHS,06021965,58,106
Dakota,CRENSHAW,11181941,77,162
Casey,LOWE,06121945,61,123
Kade,HAMMOND,02161968,65,136
Zane,FAGAN,01051954,73,143
Maddison,SEYMOUR,07031946,77,169
Nicholas,BIGGS,03091984,78,160
Anahi,GIVENS,09041948,60,102
Ellie,COFFMAN,04021953,59,139
Collin,BASS,12291959,74,146
Avery,TEEL,05191975,75,162
Jennifer,BARRY,09101980,59,119
Madison,MORRISON,12081977,71,130
Deandre,MCCRARY,04181967,64,129
Alicia,BELL,02111977,55,108
Madison,BENTLEY,07111971,76,151
Macy,SOUSA,05051958,57,107
Alessandra,REES,12261958,75,140
Ava,ESPARZA,03191978,73,152
Emely,WINKLER,09141964,74,149
Camila,HARDY,12031974,60,102
Martin,GARNER,01041970,74,163
Willow,TRACY,01291952,61,111
Jayson,HOOK,11031968,76,169
Titus,CONKLIN,11191985,57,107
Heather,BRANDON,02231962,77,160
Enrique,YBARRA,03021974,67,137
Heaven,MCPHERSON,11231962,64,120
Makenzie,WEINER,02031953,67,139
Sierra,KANE,09121950,72,159
Mekhi,CLEMENS,02141971,63,123
Carmen,GAITHER,02061951,68,137
Victoria,JORDON,06121978,59,99
Crystal,LEVIN,03261978,71,141
Raegan,SCHAEFFER,05251945,58,111
Itzel,DARNELL,12221970,61,109
Morgan,MCKINNEY,12161977,64,141
Cory,WRAY,11231940,70,138
Jeffrey,KNAPP,01211942,61,131
Lauren,LEAYR,10211985,66,139
Alberto,PENA,11211945,70,151
Austin,BOYER,09091959,79,183
Dennis,GRIMM,07301941,74,150
Hugo,ELAM,11151963,64,134
Chelsea,GROVER,03291963,63,119
Liam,BLOCKER,08071973,65,123
Brianna,BURKHART,09291971,77,149
Logan,WEISS,09281948,59,111
Johanna,SNYDER,04171984,56,100
Karla,TOWNSEND,01141951,60,93
Micah,BRENNER,06101969,69,157
Micah,LUMPKIN,10111968,66,131
Aubree,RALSTON,01121959,74,139
Marcos,MCGOVERN,01071960,71,159
Jameson,ALLARD,07131965,63,139
Joselyn,BEAVERS,04301963,72,136
Jusitn,DOTY,12181952,73,159
Kyler,WILHELM,08271948,62,123
Jaime,SCRUGGS,07241978,65,127
Dallas,JULIAN,11061941,78,157
Xander,RALSTON,03041977,65,145
Kaylin,DELVALLE,07291968,69,152
Avery,BRUNSON,06191963,66,139
Rocco,HILL,04011965,62,136
Corbin,CARDONA,08111983,77,175
Eva,BECKWITH,10131977,79,177
Nolan,BEAN,10061963,57,103
Vincent,FULLER,09181959,56,116
Melvin,SCARBOROUGH,07091974,56,127
Thomas,IVY,08241949,71,144
Javon,WEIR,01161979,59,123
Nikolas,HUTCHINSON,04201985,64,142
Logan,CHESTER,08021940,57,104
Ciara,PROCTOR,01231949,70,144
Bradley,STOKES,08051985,55,108
Evelyn,SAWYER,08081960,76,163
Cameron,PRYOR,04141959,69,140
Eva,JAMESON,12011981,71,148
Caleb,GOLD,08041983,61,120
Gabrielle,WORKMAN,03271963,79,161
Timothy,MASON,07191978,76,163
Camron,LYON,11281980,69,130
Piper,LIBBY,09221967,59,126
Bryce,MCQUEEN,11281944,79,170
Justice,BARBER,12051973,76,152
Chad,LANDERS,02051954,67,147
Sarai,CROCKER,03311961,55,108
arper,LAMBERT,08121969,66,121
Orlando,KEYS,04091955,64,122
Mohamed,MOHR,09221945,76,214
Joaquin,WAGONER,04231951,75,150
Gabriella,WETZEL,07241957,64,151
Maxwell,SIMMONS,08291956,65,136
Chelsea,DOHERTY,09111981,74,166
Dean,SNYDER,02271963,76,175
Jane,WHITNEY,05301961,66,132
Caleb,CAVAZOS,04131946,66,131
John,LANCASTER,07221974,68,136
Gracie,SOTELO,01311974,64,125
Ainsley,HEATH,12081980,58,108
Daniela,DONALD,02091981,58,137
Emerson,EBERT,09261985,69,144
Zoe,CUMMINS,09281959,77,168
Angelina,ASHCRAFT,06291964,56,114
Eleanor,CAVAZOS,11131946,79,169
Estrella,VILLANUEVA,08111941,67,136
Clayton,LAWS,06071982,71,159
Quinn,BOYKIN,10291940,58,123
Kristina,GAUTHIER,02231943,72,150
Edward,BATEMAN,01201954,77,162
Armando,HILTON,09291978,64,127
Lincoln,KNAPP,04171962,78,180
Damon,CHANG,07061973,70,127
Edward,FENNELL,10241946,58,124
Samara,HALL,07051961,63,123
Stephen,SCALES,09151942,67,126
Jakob,GODWIN,03171941,56,132
Mauricio,WHITTINGTON,04161947,66,137
Landen,KINCAID,06031975,77,165
Laura,BRISCOE,04131948,57,107
Catherine,MULLIGAN,09301985,70,156
Ella,ROGERS,08161962,75,158
Eli,COLON,06061977,58,110
Edwin,MONTANEZ,01271964,70,153
Darren,TEEL,08161941,62,127
Curtis,HAN,05081911,77,158
Reid,GOODWIN,02011975,67,147
Cheyanne,LORENZ,06031985,77,164
Madelyn,URBAN,06291978,70,127
Bridget,BROWER,12041965,79,180
Tessa,JACOB,06281946,62,142
Jaxon,ASKEW,01021943,79,173
Amelia,HUNT,01011965,56,121
Katelynn,BOSTON,09041944,76,156
Paige,MOELLER,09211983,64,122
Casey,MELENDEZ,01291969,66,140
Hanna,EDMONDSON,02021964,72,161
Lauryn,LUNA,10181960,74,152
Jasmine,GRIGGS,05301968,78,155
Trey,DOBBS,03271976,66,125
Rebecca,PONCE,12251958,65,133
Wesley,CORCORAN,08121976,59,112
Dylan,CRIST,12311962,64,152
Alexa,MCDUFFIE,04301979,55,108
Issac,DENNEY,02291940,77,170
Roman,ELLIS,11191977,56,119
Naomi,BECKETT,10301945,64,134
Danika,DUNBAR,05181951,72,141
Sofia,GAGNON,11241958,65,154
Brady,HIGGINBOTHAM,08311965,72,139
Jerry,LIM,11141962,69,143
Alison,POINDEXTER,05301980,55,118
Elena,JULIAN,11271954,69,148
Alan,YANEZ,12161982,63,131
Paul,MCDONALD,03231984,57,107
Chase,WALTERS,01261980,61,128
Axel,MARION,06021941,59,125
Enrique,DORSEY,01231949,61,135
Amy,CHU,08231940,62,136
Autumn,DALY,08261975,67,141
Danielle,ROSENBERG,02211985,77,159
Parker,MOSLEY,05041968,59,139
Destiny,MORRISON,05021948,65,131
Hope,YBARRA,05271974,68,138
Myles,HINTON,07161959,74,163
Denise,RUDD,12101956,68,137
Brayan,NEWSOM,07251972,69,146
Denise,FLETCHER,07071957,79,178
Gloria,GANN,02241953,63,129
Jaylin,EMERSON,05091947,55,119
Jamarion,TILLMAN,06051982,57,105
Annabelle,RUFF,05281963,58,127
Bella,HAHN,07101959,70,140
Nevaeh,FULTZ,08301967,66,124
Janelle,ODOM,02261954,77,172
Presley,FENTON,09111980,72,163
Erin,SHAH,04011941,64,139
Emilee,KAY,06061951,67,139
Cesar,DAY,08021969,68,162
Kyle,PACE,10031962,62,133
Estrella,EATON,03271977,77,144
Teagan,DUMAS,08151966,60,120
Alissa,ELLINGTON,11101974,76,156
Meghan,DENNY,10191949,69,142
Jaden,WRAY,09031975,56,103
Rachael,MATLOCK,11291963,69,146
Isabel,BETTS,12291969,62,129
Miguel,SALGADO,10051943,72,166
Jon,SPANN,04191944,79,166
Sage,LOMAX,02091968,55,106
Angelica,ROUSH,01311981,62,129
Hazel,MORENO,11201966,59,124
Ana,WILLETT,09071948,62,121
Alayna,SAUCEDO,01221974,59,115
Naomi,LOPEZ,08151949,66,124
Breanna,DILLARD,11271951,72,161
Braxton,HOOD,03251976,57,125
Ethan,CAMACHO,02251941,64,127
Ashlee,BURGER,01301984,65,134
Cadence,ALLARD,04061940,75,177
Aidan,POOLE,12131970,70,146
Ryleigh,SLONE,07171955,79,162
Devin,ROSA,12301962,75,174
Briana,MCCARTY,06021966,62,140
Celeste,KISER,08171985,61,137
Gerardo,MCNUTT,01311977,56,116
Clara,BLUE,09111963,79,161
Itzel,FISH,06021962,68,137
Aileen,HORNER,01061942,75,153
Jonah,VIDAL,05221952,70,150
Brody,SCHRADER,05201963,63,121
Israel,CARNES,04261984,59,99
Adeline,LEDBETTER,04091962,78,162
Miley,ZAMORA,03031970,68,135
Gabriela,MATTHEW,06281950,79,161
Ashlynn,BRUNNER,02251979,55,107
Dillon,WIGGINS,02251952,74,140
Bridget,STOREY,09051967,77,177
Pablo,CORNWELL,04171947,64,134
Pablo,NETTLES,06161954,76,160
Clara,BURK,02071947,64,138
Sean,FOOTE,08061941,79,163
Solomon,HUTCHINSON,04201950,58,97
Nadia,VEGA,11271976,55,109
Skylar,POOLE,02081945,59,110
Alexander,SPANGLER,06151978,77,144
Maddox,LATHAM,07221959,70,156
aMddison,KEARNEY,12171979,61,138
Marcos,TITUS,07291980,74,161
Brittany,MCKENZIE,03121946,56,113
Mathew,MCDONOUGH,12241945,72,151
Diego,ARTHUR,10151947,71,137
Asher,EDMONDS,09201954,75,155
Harrison,FINK,06151974,66,131
Madilyn,FRALEY,04151985,63,132
Sophie,SCHMITZ,03181968,77,176
Mateo,HARRISON,07231958,61,112
Cash,GOLDSTEIN,08061946,75,167
Laruyn,RICE,12051951,97,189
Kingston,WILKINS,07201983,63,112
Linda,STRONG,01281963,57,134
Kathleen,QUINN,02071940,68,149
Abbigail,KRUSE,02171948,55,118
Cameron,PENA,04041940,60,141
Paige,MAYER,09211979,64,152
Porter,WEAVER,01161948,71,138
Noe,ELAM,02141962,72,157
David,BROWN,04291958,63,118
William,BRISCOE,04141956,75,163
Lauren,DAY,11081984,62,122
Bradley,LANKFORD,05041954,76,167
Erin,MARTIN,07011973,64,135
Georgia,STRICKLAND,09241974,78,172
Zoey,JACKSON,01211972,67,137
Henry,STILL,10091963,78,172
Madeleine,STOCKTON,12301959,60,102
Zane,MCCRACKEN,06101968,65,132
Jessie,PERRYMAN,06111940,66,126
Alice,CRANE,10071941,78,187
Micheal,BENNER,10081941,62,136
Aldo,FARRAR,09111967,78,175
Braeden,COLBERT,05271940,77,168
Mya,AMBROSE,06121957,55,109
Makayla,HIGGINBOTHAM,01291977,65,129
Angelina,ZIEGLER,09161954,58,121
Kyra,CRONIN,04241976,64,134
aJiden,BEST,02051977,68,129
Jesse,CASON,11091911,65,130
Emanuel,SELLERS,12091968,74,156
Carson,HAYWARD,07291977,78,162
Jacqueline,NIEVES,04021969,77,178
Kelly,HOFFMANN,08161964,76,148
Taryn,HEATH,02011969,64,122
Savannah,SKIDMORE,11171982,64,135
Liam,YANG,03241959,57,107
Jaden,FITZPATRICK,04131963,64,136
Riley,GUNN,01171957,70,148
Gary,MCQUEEN,05151941,71,129
Kyler,ROACH,12211969,75,162
Haylie,SKINNER,12311975,63,139
Ty,BERG,02191960,58,125
Bradley,PADGETT,07241966,59,108
Christopher,GONZALES,09051968,75,169
Khalil,MACKENZIE,12101980,68,148
Mya,SCHULZ,03041971,55,108
Kingston,ROSAS,02141975,63,133
Tiffany,PHILLIPS,07191955,64,122
Jeffery,GUTIERREZ,01191967,74,142
Hayden,DONAHUE,06231943,62,122
Diamond,ROTH,01061978,64,131
Nasir,HAYS,07021973,71,151
Kaylie,DEO,02121944,74,161
Trevor,WILLARD,06131984,72,173
Seth,MORIN,01061980,70,146
Mackenzie,OLSON,05211941,73,145
Zoey,WHITSON,12081941,79,175
Zander,LANDRUM,08011957,57,116
Meghan,DAILEY,06121946,59,131
Xavier,GROVE,04151973,72,155
Rylie,COLVIN,08281953,77,166
Kate,FORBES,08161979,62,134
Felipe,PARRIS,05161943,68,155
Aaron,BRENNER,04031972,64,132
Ivan,MCCORMICK,12191961,56,92
Sebastian,HITE,05021952,55,106
Marcos,SOTELO,12111950,64,146
Bryce,POIRIER,08291981,82,156
Evan,ALFARO,05101980,77,182
Katherine,MORRISSEY,03151977,72,132
Franklin,SMALLWOOD,12151972,73,158
April,CLOUD,06241959,69,154
Yasmin,ELDER,05221950,57,112
Ryder,BYRNE,11101948,76,164
George,AMUEL,08231965,58,113
Mallory,PHILLIPS,08101975,71,134
Rose,TURPIN,05081973,62,131
Tucker,OLIVER,01011966,57,126
Tommy,MAPLES,05041948,75,161
Sean,WILLIAMSON,12091979,67,136
Samuel,ELLIS,06091957,74,177
Callie,GRECO,03261974,63,129
Antonio,HINTON,06131981,66,118
Amari,PENNINGTON,03221969,78,159
Nayeli,GREENWOOD,02091940,57,120
Enrique,ISAAC,03031966,58,149
Armando,BERNARD,01131954,60,117
Selena,EDMOND,12081944,78,174
William,CONNORS,10051940,61,118
Jaydon,GREY,03111978,67,159
Amber,BLMU,10271961,63,149
Leo,HESTER,02061971,64,143
Trent,WATSON,07041953,60,115
Cruz,FELICIANO,04111965,59,118
Yahir,MEAD,07041956,79,194
Jocelyn,DUNHAM,06111961,59,115
Hayden,COPE,04061941,67,136
Chance,ELAM,05151911,72,160
Elliot,REEVES,06161973,78,170
Nelson,MORRELL,06161967,55,98
Hugo,PARRIS,03281956,70,158
Rachel,BRUNER,08061944,72,157
Phoenix,SALGADO,05241949,77,162
Amari,PRUITT,01051954,72,155
Jaiden,CARTWRIGHT,04081985,76,145
Pedro,NOEL,03071978,77,184
Stephanie,KRAUSE,12141950,77,153
Harrison,CONNELL,12221958,64,117
Melvin,TEEL,04031977,58,120
Kassidy,LESTER,10161967,70,141
Ayla,READ,10121976,70,141
Carly,GOOCH,05041968,75,161
Emiliano,HOLDER,05301985,63,131
Armando,YOUNG,01191944,57,104
Katelyn,NASH,04211979,72,161
Graham,ELIAS,12141965,65,148
Josiah,LANDRY,07031976,59,131
Jesse,SQUIRES,04151985,65,127
Anna,MAGUIRE,07211960,64,145
Alayna,DENNY,11101951,66,130
Erin,RAINES,11081979,61,129
Bruce,HENDERSON,12311945,64,142
Garrett,MCCONNELL,05141952,77,174
Mauricio,WALDRON,08221978,69,124
Jenna,MOLINA,08041970,55,127
Leonardo,LANDERS,08231951,58,128
Tristen,ROBERSON,11031942,56,109
Alayna,HAYDEN,03241983,58,119
Brendan,FARRAR,02021977,58,114
Jonathon,WALTER,10291977,78,164
Morgan,SHAH,05301967,63,128
Eliana,CHACON,03231942,68,146
Dayanara,SCRUGGS,01111954,57,100
Layla,BOND,07071983,58,118
Kira,MARK,02241945,69,137
Kassandra,WEBER,09231961,55,106
Anderson,SAMUEL,06061950,57,99
Jacqueline,BARNHART,01011941,58,118
Holden,SKELTON,09291945,78,167
Jaxon,BUCKNER,04031973,65,125
Alex,MADISON,03031969,69,143
Ruth,CORONADO,02131958,72,169
Lance,ELLIOTT,11011955,60,123
Iris,SCHWARZ,08261948,71,153
Vanessa,BUNDY,09171942,72,127
Skyler,KEATON,10161966,69,147
Bryan,POWELL,07161972,61,124
Braydon,HAWK,04081975,71,149
Trevor,MCNEIL,07091943,65,132
Stella,HAWKINS,05231944,63,119
Michael,WHIPPLE,01171965,68,155
Aniyah,HANLEY,01121950,63,138
Jaylen,DUNHAM,06171974,63,132
Cristopher,BURROWS,05081973,63,130
Skyler,DENNIS,01121956,72,172
Gloria,IRBY,01201945,75,170
Shannon,BURKE,02051978,67,135
Davis,MOYA,05221945,78,174
Emerson,DODSON,06291968,67,153
Kelvin,BENOIT,05031981,72,162
Mckenzie,MCCANN,04111964,74,154
Angelina,STARKS,11281961,68,125
Melanie,PIERSON,06241975,72,150
Bruce,FLEMING,12061967,62,124
Jonah,CLEVELAND,11041950,69,149
Melany,POPE,11111946,59,136
Jose,BAIN,05141970,70,148
Talon,BIGELOW,11261977,73,143
Skyler,HASTINGS,07201972,66,140
Tony,DAIGLE,03211965,74,157
Jayson,SHARPE,08111941,77,183
Orlando,BORDEN,10061976,69,147
Catherine,CLARK,07131952,75,158
Henry,MCNEAL,11211960,61,120
Miranda,JACKSON,08081978,76,166
Erin,KEATING,07181985,75,168
Nickolas,SEAL,11021962,59,122
Celeste,BRANDT,04131968,77,176
Charlotte,BREAUX,06221965,75,162
Lucas,LOMAX,10111965,75,162
Andre,DIAS,12191958,73,155
Jermaine,BOX,11081965,68,143
Gianna,WELLER,10261982,64,131
Gabrielle,COUTURE,12201969,58,117
Nelson,DUFFY,11181948,62,113
Jayda,BROUSSARD,09071950,59,121
Morgan,HARMAN,05301941,70,154
Kaden,MECTALF,06061960,67,139
Sebastian,LILES,11061965,62,136
Larry,TORRES,11121971,75,173
Kimora,OWEN,10261980,61,133
Claudia,TATUM,03151962,61,119
Austin,MCCAIN,02131944,71,144
Carl,METZGER,02091984,72,150
Kiara,REYNA,12231944,63,145
Jazmin,DUPRE,12251981,65,124
Kara,BARTLETT,09251941,88,157
Kailey,RUFF,05231974,73,174
Margaret,PAUL,08141966,64,127
Melissa,COCKRELL,12151977,76,167
Alyssa,BARR,07141975,67,150
Erin,DUBOIS,07201953,67,140
Paul,MARTEL,12171967,68,158
Katelyn,BUCHANAN,10261954,71,149
Meghan,ILKINSON,04071976,65,141
Elliot,BRADSHAW,11181943,72,153
Kaelyn,WATSON,04101964,67,142
Levi,GIBBS,04121958,55,118
Ian,HAYWARD,01171977,76,150
Jamarion,PAZ,10171978,59,130
Aden,DOE,05111944,70,147
Orlando,VILLEGAS,10291952,59,124
Nora,CLINE,03121966,57,112
Ayla,STANFORD,06291949,74,150
Nevaeh,CURLEY,10281977,57,116
Deandre,ALI,11221977,55,111
Kassandra,NICHOLS,02141954,65,144
Chandler,FARNSWORTH,08301956,68,150
Shane,CLIFTON,05141977,67,154
Drake,WHITTEN,12211958,71,139
Viviana,MALDONADO,11031942,60,119
Carlos,TRACY,08141941,55,117
Lexi,GARAZ,03101982,68,137
Kelly,BUNDY,11191961,56,111
Melvin,HANDY,04181979,64,156
Solomon,SHEETS,07131974,64,148
Lindsay,STAPLES,12171958,62,136
Nathanael,DUVALL,11031943,75,159
Drew,PICKENS,08061970,73,134
Alaana,HARTLEY,12141948,75,167
Eddie,HOUCK,03211941,61,143
Steven,RENNER,06171958,65,154
Bailey,WHITT,11081942,56,112
Kobe,ROBINSON,03221962,71,149
Eliza,LUGO,08211974,73,147
Hailee,FERNANDEZ,02031977,78,169
Kyleigh,LOOMIS,08141966,76,175
Ramon,RAMEY,06101942,55,117
Alina,FREE,11071958,74,156
Walker,GRIFFITH,08231974,58,129
Talon,CRABTREE,01261974,57,111
Audrey,WAKEFIELD,03281980,55,125
Jessica,KINNEY,11151946,73,164
Kristian,CARDWELL,03081971,97,179
Cade,TOBIAS,01111947,72,132
Cameron,CORNELIUS,04091981,70,149
Lillie,MACHADO,09281943,77,168
Tobias,SOWELL,01271945,63,132
Sarai,MACIAS,11121951,63,140
Angelina,HIGH,07071982,61,131
Alice,HUTCHISON,05111985,59,126
Bryce,HOPSON,11161975,76,150
Laila,MATOS,07131976,59,108
Nathaniel,BLOCKER,01231958,55,108
Willow,FRAZIER,02011955,78,171
Erick,WHEELER,07191979,70,144
Isaac,SOLOMON,11041949,60,103
Michael,REAVES,12011958,62,118
uJan,EASON,06271967,75,168
Jonah,CARBONE,04051975,70,151
Elizabeth,WRAY,07041961,55,105
Jamie,JOSEPH,02141943,58,113
Hailey,LESTER,07111945,69,141
Alanna,CHESTER,10161947,74,158
Valerie,PALACIOS,05051951,56,132
Logan,CABALLERO,05081959,77,159
Yoselin,AGUIRRE,01151967,75,165
Vanessa,SHERWOOD,07071964,72,146
Katie,BELL,01181959,56,107
Cash,BELL,11081965,75,156
Kade,MORA,04211912,55,93
Ricardo,ONEILL,04171947,65,116
Ryder,CASH,03041952,73,147
Logan,PATRICK,12051977,55,110
Heather,HENDRIX,09171950,63,118
Aden,HOLLIDAY,06301966,73,160
Brooklynn,BLACKWELL,02051948,74,152
Titus,GAGNON,03081943,71,154
Jacob,HAMMER,05081957,77,164
Kameron,DUFF,12151976,62,137
Erik,BAUM,11241966,61,137
Tatum,MOHR,08081950,63,123
Tucker,SHIRLEY,02061946,66,170
Kelsey,FLANAGAN,07201964,77,175
Isaac,CHRISTIANSEN,06091945,55,118
Tobias,NEELY,09231957,70,144
Hunter,MEDINA,07211944,69,133
Holden,TITUS,03311959,78,164
Brandon,GIBSON,09171949,61,118
Thomas,DILLON,10161954,63,136
Fiona,COLE,07201970,57,123
Reece,HAUSER,01241949,91,155
Lincoln,SAMUEL,03041956,57,103
Gary,SALTER,01271963,72,153
Zackary,HARDMAN,05251953,63,133
Jessica,OLSEN,08051980,77,180
Dean,WETZEL,11161982,59,108
Alicia,WATT,02271950,89,159
Rebekah,LAWTON,03081944,79,182
Jazlyn,SALMON,08011961,59,123
Gustavo,PEARSON,10071982,58,99
Davion,NANCE,09241952,65,148
Nicolas,BREEDEN,07101953,56,114
Lola,UPTON,10041979,59,119
Lawrence,VANHORN,12071955,66,117
Skylar,ADAM,03311967,60,116
Cole,DAVIS,10181977,60,115
Wendy,BECKHAM,12171942,64,141
Eleanor,HALE,05031974,67,144
Jorge,MARINO,02241947,60,115
Kylie,THORPE,03171954,67,135
Miriam,KRAUS,08171942,67,143
Zoey,ROACH,09151957,73,151
Francesca,BROTHERS,01311954,66,138
Jordan,FRANCIS,05141971,56,113
Greyson,MACON,05271942,78,172
Deandre,SHIPP,08301963,63,129
Gabriella,MOHR,02101944,79,157
Angel,PIKE,11051981,74,168
Anthony,SANTANA,10251967,75,156
Clara,SCHUMACHER,03021942,79,161
Eliana,DRAKE,10081977,71,150
Abby,AYALA,08091966,62,133
Christopher,FORTNER,05281948,61,124
Kameron,NEWELL,09271985,61,119
Alexandria,CAVAZOS,12231981,72,150
Grady,MINTON,01131978,70,160
Arianna,LYNN,08111972,68,129
Erick,FRAZIER,01241975,77,144
Noel,THIGPEN,08151975,72,150
Cassidy,HATFIELD,05121952,65,141
Griffin,FAUST,07241959,65,144
Jon,BIGELOW,03241952,62,116
Porter,MEAD,01031957,79,180
Solomon,ROMAN,10311957,59,107
Micah,DEAL,01041978,70,157
Madelynn,MELVIN,12111978,74,162
Trevor,CHAMBERS,12161948,69,142
Jenna,WU,06051980,77,172
Orlando,DOOLEY,01131970,67,150
Zachariah,SOLOMON,12111953,76,182
Emiliano,CALDWELL,10071985,67,124
Eliana,KENNY,02021984,78,152
Genesis,MCDERMOTT,03171968,57,112
Nevaeh,STAHL,01291982,71,155
Avery,LY,07311965,67,130
Kimora,GLENN,05051970,55,112
Hazel,OLSEN,08131940,60,125
Gary,BLEVINS,12211948,73,155
Skylar,GURLEY,02041948,67,138
Titus,GAN,04191943,70,150
Madison,SLEDGE,07211985,75,158
Elliot,MATLOCK,03241951,62,126
Kade,RUSH,01121965,76,165
Jimmy,SMALLS,02011955,68,131
Connor,HOLLIDAY,08181952,79,160
Erin,JOSEPH,03111962,72,128
Madeleine,HOULE,02251966,62,127
Autumn,BARGER,12081982,73,154
Chloe,TRUONG,01041973,64,131
Angel,LADNER,05061944,68,134
George,CRAWFORD,02031940,69,155
Breanna,PERRYMAN,01091910,71,141
Ismael,DEVORE,01141984,62,130
Mikayla,GROSS,06081966,76,169
Garrett,QUINTANILLA,03301956,74,141
Brody,PULLIAM,10271978,64,145
Madisyn,PETERSON,03011980,61,129
Kenzie,GONZALEZ,11121971,79,185
Diamond,DOBBINS,10151974,79,187
Jesus,ABERNATHY,03071959,66,139
Zachary,HOOPER,03231959,77,167
Isabelle,WILSON,06151982,73,169
Sierra,WILLEY,07101982,67,150
Brandon,HYATT,01091955,64,130
Tate,MCKENNA,12061984,57,107
Nicole,COUTURE,01051953,57,126
Quinton,HOLLEY,04201946,78,158
Paulina,CHEEK,11081982,73,168
Emely,BROWNING,09021983,57,111
Kevin,TUTTLE,02201959,60,142
Caroline,SILVA,11231984,58,131
Caden,BOUDREAUX,11051940,71,151
Emily,SIMON,03301975,65,166
Kailey,GALE,04221947,63,112
Diana,HANKINS,02181967,69,136
Piper,GIBSON,05171959,79,175
Kiara,CHIN,07091973,78,148
Isabelle,MANUEL,10191943,63,124
Cesar,TACKETT,03141959,61,129
Genevieve,ALBRIGHT,03021985,60,121
Cade,ELROD,02171975,62,147
Gregory,HOUGH,03071960,65,122
Abby,PARRA,01101956,73,145
Kenzie,SWIFT,02211974,63,113
Noel,BAER,04081962,67,138
Charlie,PLATT,01201954,70,136
Carlos,CRANE,09291955,71,149
Cesar,FINNEY,08221966,67,128
Douglas,LAIRD,04211953,67,126
Xander,RUTLEDGE,09161940,61,123
Bryson,RAGSDALE,06181974,73,155
Leonel,ROSARIO,01241956,66,145
Ryder,DOOLEY,11141963,65,137
Madelyn,DIGGS,12151969,70,164
Kaylee,CARDONA,11161964,71,147
Jimmy,STRAUSS,06171946,56,100
Jacob,GIPSON,10031958,55,120
Carolina,CANFIELD,12141960,56,122
Logan,BREWSTER,07141985,79,160
Talon,JORDON,03171969,55,119
Keira,SUAREZ,10041963,76,163
Arthur,MORAN,11071940,55,107
Jordyn,FULLER,07291962,56,115
Bryan,DIAZ,02101985,74,140
Faith,MENARD,02271980,79,158
Melissa,COKER,07271945,60,132
Theodore,GAGNE,05081953,56,100
Carl,WASHINGTON,12121960,76,159
Janiyah,DOTSON,06291940,73,146
Ariel,COLON,05121948,62,125
Ramon,BOURGEOIS,12041971,56,115
Allen,MASTERS,10271944,75,179
Dakota,KENNY,04181965,75,150
Chris,MCBRIDE,01081985,68,156
Mohamed,KELLEY,07191945,67,137
Elliott,HUTTON,11131943,62,122
Stephen,CHEATHAM,12061949,74,164
Jonathan,MILTON,03051949,61,106
Conner,WINSLOW,07301978,76,170
Samara,PHIPPS,02191941,69,131
Layla,ARMSTRONG,06111970,66,154
Eddie,MACKEY,05251982,74,162
Harrison,MACHADO,11261947,77,165
Fiona,WHITMAN,05241966,76,171
Colby,HIATT,09261942,66,132
Hadley,BLOOM,07151981,76,166
Carlos,WING,04231975,64,135
Jade,GALLOWAY,10281951,69,131
Conner,LOCKE,10191962,72,158
Alivia,LINDER,06141949,59,131
Hayden,IRWIN,01291954,66,125
Raul,MACKEY,03061964,70,160
Marina,BRAVO,08121941,62,113
Adrianna,HAWKINS,06031954,79,165
Cruz,HAYNES,09221960,61,143
Ramon,DAVIDSON,06181942,57,125
Kassandra,ANDREW,01151955,72,152
Vanessa,MACIAS,07241976,63,124
Julia,HARDMAN,09211955,69,142
Rose,LOGSDON,06281943,73,156
Aubrey,HARLOW,06221962,62,127
Lindsey,CLIFTON,01141961,79,172
Hannah,PHAM,07221979,72,162
Darius,SAMPSON,11251977,77,168
Max,CRUZ,10141975,60,122
Ana,WALKER,02151985,60,134
Rodney,SEWARD,09121966,65,125
Veronica,PATTERSON,12101956,72,153
Xavier,HUANG,08241973,62,132
Allen,JORDAN,07191977,65,134
Jane,ESCOBEDO,04101985,75,168
Lizbeth,TAYLOR,07221953,70,141
Izabella,FRANK,06201970,65,121
Crzu,THACKER,09141964,70,146
Grant,NEWELL,05091975,61,122
Eric,ORNELAS,10101979,63,143
Vinkent,PAUL,12311980,66,131
Stella,YAZZIE,08061968,61,116
Justin,BAUM,02051985,62,118
Rowan,HAREDR,05181962,66,136
Taylor,DRUMMOND,02181957,70,153
Calvin,CHILDERS,06011947,68,133
Jamari,VICKERS,05251942,56,113
Colten,NAYLOR,11051963,62,141
Evelyn,BURCHETT,02111974,73,144
Rafael,EAST,07091966,78,154
Leonardo,PARISH,06291944,72,148
Jenna,FORTIN,05041975,74,156
Patricia,WALSH,04261970,57,118
Shane,GILCHRIST,01221955,63,128
Serena,ABNEY,06221961,76,161
Mikayla,WILLIAMSON,03081980,60,119
Sara,CRANE,11221946,71,155
Allison,GREENBERG,06291961,61,121
Luna,KAY,01191954,60,132
Annie,CAHILL,03021969,59,118
Sandra,DRAPER,10281961,77,131
Pedro,GARZA,05091969,67,139
Peter,BURROUGHS,02281984,57,117
Dallas,MCCAIN,04091943,71,146
Maya,PECK,04181966,67,145
Baylee,FAULK,07211965,61,121
Cadence,GOLDSTEIN,05121942,73,158
Kailyn,CHAPA,05081941,55,94
Mario,LAUGHLIN,05091954,69,161
Asia,BACON,09091955,67,156
Seth,KEATON,02191983,75,179
Cash,HEAD,02121959,63,121
Osvaldo,KILLIAN,05161963,61,133
Nikolas,CARUSO,05231949,76,173
Heaven,TOLLIVER,12051969,74,151
